,Agency,city,state,state_short,1985_raw_murder_num,1986_raw_murder_num,1987_raw_murder_num,1988_raw_murder_num,1989_raw_murder_num,1990_raw_murder_num,1991_raw_murder_num,1992_raw_murder_num,1993_raw_murder_num,1994_raw_murder_num,1995_raw_murder_num,1996_raw_murder_num,1997_raw_murder_num,1998_raw_murder_num,1999_raw_murder_num,2000_raw_murder_num,2001_raw_murder_num,2002_raw_murder_num,2003_raw_murder_num,2004_raw_murder_num,2005_raw_murder_num,2006_raw_murder_num,2007_raw_murder_num,2008_raw_murder_num,2009_raw_murder_num,2010_raw_murder_num,2011_raw_murder_num,2012_raw_murder_num,2013_raw_murder_num,2014_raw_murder_num,2015_raw_murder_num,1985_murder_rate,1986_murder_rate,1987_murder_rate,1988_murder_rate,1989_murder_rate,1990_murder_rate,1991_murder_rate,1992_murder_rate,1993_murder_rate,1994_murder_rate,1995_murder_rate,1996_murder_rate,1997_murder_rate,1998_murder_rate,1999_murder_rate,2000_murder_rate,2001_murder_rate,2002_murder_rate,2003_murder_rate,2004_murder_rate,2005_murder_rate,2006_murder_rate,2007_murder_rate,2008_murder_rate,2009_murder_rate,2010_murder_rate,2011_murder_rate,2012_murder_rate,2013_murder_rate,2014_murder_rate,2015_murder_rate
0,New York City Police Dept,New York City,New York,NY,1384.0,1582.0,1672.0,1896.0,1905.0,2245.0,2154.0,1995.0,1946.0,1561.0,1177.0,983.0,770.0,633.0,664.0,673.0,714.0,587.0,597.0,570.0,539.0,596.0,496.0,523.0,471.0,536.0,515.0,419.0,335.0,333.0,288.0,19.3,22.0,23.0,25.8,25.8,30.7,29.3,27.1,26.5,21.3,16.1,13.4,10.5,8.6,8.9,8.4,8.9,7.3,7.4,7.0,6.6,7.3,6.0,6.3,5.6,6.6,6.3,5.1,3.99,3.93,3.3986559730000003
1,Los Angeles Police Dept,Los Angeles,California,CA,777.0,834.0,811.0,736.0,877.0,983.0,1027.0,1094.0,1076.0,845.0,849.0,711.0,576.0,426.0,425.0,550.0,588.0,654.0,515.0,518.0,489.0,480.0,395.0,384.0,312.0,293.0,297.0,299.0,251.0,260.0,282.0,24.4,25.6,24.3,21.6,25.5,28.2,28.9,30.3,30.5,23.8,24.5,20.3,16.3,11.8,11.6,14.9,15.6,17.1,13.4,13.4,12.6,12.4,10.2,10.0,8.1,7.7,7.7,7.8,6.47,6.66,7.2182354129999995
2,Chicago Police Dept,Chicago,Illinois,IL,666.0,744.0,687.0,660.0,742.0,850.0,925.0,939.0,845.0,928.0,824.0,789.0,757.0,703.0,641.0,631.0,666.0,648.0,598.0,448.0,448.0,468.0,443.0,510.0,458.0,432.0,431.0,500.0,414.0,411.0,478.0,22.2,24.8,22.8,22.0,24.8,30.5,32.9,33.1,30.3,33.1,30.0,28.6,27.4,25.6,22.7,21.8,22.9,22.1,20.6,15.5,15.6,16.4,15.7,18.0,16.1,16.0,15.9,18.5,15.22,15.09,17.546944500000002
3,Houston Police Dept,Houston,Texas,TX,457.0,408.0,323.0,440.0,459.0,568.0,608.0,465.0,446.0,375.0,316.0,261.0,254.0,254.0,241.0,230.0,267.0,256.0,278.0,272.0,334.0,377.0,351.0,294.0,287.0,269.0,198.0,217.0,214.0,242.0,303.0,26.2,22.9,18.6,25.5,26.8,34.8,36.5,27.4,25.9,21.3,18.2,14.7,14.1,14.1,13.3,11.8,13.4,12.5,13.6,13.3,16.3,18.2,16.2,13.1,12.6,12.8,9.2,10.0,9.81,10.9,13.64906058
4,Philadelphia Police Dept,Philadelphia,Pennsylvania,PA,273.0,343.0,338.0,374.0,475.0,503.0,440.0,425.0,439.0,404.0,432.0,420.0,418.0,338.0,292.0,319.0,309.0,288.0,348.0,330.0,377.0,407.0,392.0,331.0,302.0,306.0,324.0,331.0,247.0,248.0,280.0,16.6,20.8,20.5,22.6,28.7,31.7,27.6,26.5,28.1,25.9,28.2,27.5,27.4,23.3,20.3,21.0,20.4,18.9,23.3,22.2,25.6,27.8,27.3,23.0,19.5,20.1,21.2,21.5,15.9,15.91,17.95951668
5,Las Vegas Metropolitan Police Department,Las Vegas Metropolitan,Nevada,NV,,,,,,,,,,,,,,,,90.0,133.0,137.0,141.0,131.0,145.0,152.0,119.0,120.0,111.0,107.0,82.0,76.0,97.0,122.0,127.0,,,,,,,,,,,,,,,,8.5,11.9,11.9,11.9,10.6,11.3,11.6,8.9,8.9,8.1,7.4,5.6,5.1,6.46,7.97,8.295779147000001
6,Phoenix Police Dept,Phoenix,Arizona,AZ,89.0,122.0,111.0,106.0,126.0,128.0,128.0,136.0,158.0,231.0,214.0,186.0,175.0,185.0,214.0,152.0,209.0,177.0,241.0,202.0,220.0,235.0,212.0,167.0,122.0,116.0,116.0,123.0,118.0,114.0,113.0,10.0,13.2,11.9,11.1,13.4,13.0,12.9,13.6,15.2,21.5,19.7,16.3,14.9,15.1,17.5,11.5,15.3,12.6,17.2,14.1,15.0,15.5,13.8,10.5,7.6,8.0,7.9,8.3,7.86,7.45,7.38633541
7,San Antonio Police Dept,San Antonio,Texas,TX,180.0,162.0,174.0,143.0,168.0,208.0,208.0,219.0,220.0,194.0,142.0,117.0,95.0,89.0,96.0,85.0,100.0,100.0,85.0,94.0,86.0,119.0,122.0,116.0,99.0,79.0,89.0,89.0,72.0,103.0,94.0,20.9,18.4,18.9,15.3,17.7,22.2,21.8,22.5,22.3,19.4,14.2,11.5,9.2,8.1,8.5,7.4,8.5,8.4,7.0,7.6,6.8,9.2,9.3,8.6,7.2,6.0,6.6,6.4,5.14,7.21,6.580490247
8,San Diego Police Dept,San Diego,California,CA,96.0,102.0,96.0,144.0,121.0,135.0,167.0,146.0,133.0,113.0,91.0,79.0,67.0,42.0,57.0,54.0,50.0,47.0,65.0,62.0,51.0,68.0,59.0,55.0,41.0,29.0,38.0,47.0,39.0,32.0,37.0,9.7,10.1,9.2,13.4,11.0,12.2,14.7,12.7,11.5,9.7,7.9,6.8,5.7,3.5,4.6,4.4,4.0,3.7,5.1,4.8,4.0,5.4,4.7,4.3,3.1,2.2,2.9,3.5,2.89,2.34,2.703314849
9,Dallas Police Dept,Dallas,Texas,TX,301.0,347.0,323.0,366.0,351.0,447.0,500.0,387.0,317.0,295.0,276.0,217.0,209.0,252.0,191.0,231.0,240.0,196.0,226.0,248.0,202.0,187.0,200.0,170.0,166.0,148.0,133.0,154.0,143.0,116.0,136.0,30.2,34.1,32.0,36.0,35.2,44.4,48.6,37.0,30.4,27.8,26.5,20.5,19.4,23.2,17.5,19.4,19.7,15.8,18.4,20.2,16.4,15.0,16.1,13.3,12.9,12.4,10.9,12.4,11.39,9.12,10.68849635
11,Honolulu Police Dept,Honolulu,Hawaii,HI,36.0,46.0,36.0,28.0,,34.0,29.0,31.0,31.0,35.0,38.0,27.0,34.0,17.0,37.0,20.0,20.0,18.0,15.0,26.0,15.0,17.0,19.0,18.0,14.0,19.0,14.0,11.0,18.0,,15.0,4.4,5.6,4.3,3.3,,4.1,3.4,3.5,3.5,4.0,4.3,3.1,3.9,1.9,4.3,2.3,2.3,2.0,1.7,2.9,1.7,1.9,2.1,2.0,1.5,2.0,,,,,1.50900271
12,San Jose Police Dept,San Jose,California,CA,55.0,39.0,24.0,37.0,38.0,35.0,53.0,43.0,41.0,33.0,38.0,40.0,43.0,29.0,25.0,19.0,22.0,26.0,29.0,24.0,26.0,29.0,33.0,31.0,28.0,20.0,39.0,45.0,38.0,32.0,30.0,7.8,5.4,3.3,5.1,5.0,4.5,6.6,5.3,5.1,4.0,4.6,4.8,5.1,3.4,2.9,2.1,2.4,2.8,3.2,2.6,2.9,3.2,3.5,3.3,2.9,2.1,4.1,4.6,3.83,3.17,2.971241355
13,Austin Police Dept,Austin,Texas,TX,52.0,48.0,39.0,43.0,31.0,46.0,49.0,37.0,37.0,37.0,46.0,40.0,40.0,32.0,21.0,32.0,26.0,25.0,27.0,26.0,26.0,20.0,30.0,23.0,22.0,38.0,28.0,31.0,26.0,32.0,23.0,12.8,11.6,8.3,9.2,6.6,9.9,10.3,7.6,7.4,7.2,8.8,7.4,7.3,5.7,3.7,4.9,3.9,3.6,4.0,3.8,3.8,2.8,4.2,3.1,2.9,4.8,3.5,3.7,3.03,3.54,2.544461703
14,Indianapolis Police Dept,Indianapolis,Indiana,IN,59.0,63.0,57.0,79.0,41.0,58.0,95.0,88.0,68.0,108.0,82.0,114.0,118.0,143.0,113.0,96.0,112.0,112.0,105.0,109.0,108.0,140.0,114.0,114.0,99.0,92.0,96.0,97.0,129.0,136.0,148.0,12.5,13.4,11.9,16.3,8.5,12.0,19.4,17.8,18.0,28.4,21.9,30.3,31.2,18.8,14.9,12.1,14.0,13.9,13.1,13.6,13.5,17.5,14.3,14.1,12.2,11.1,11.5,11.6,15.17,15.85,17.24463377
15,Jacksonville,Jacksonville,Florida,FL,90.0,119.0,147.0,,165.0,176.0,119.0,123.0,125.0,106.0,86.0,85.0,75.0,74.0,83.0,79.0,75.0,90.0,92.0,104.0,91.0,110.0,123.0,115.0,99.0,80.0,71.0,93.0,93.0,96.0,97.0,15.0,19.3,23.3,,25.2,27.6,18.2,18.5,18.6,15.5,12.7,12.3,10.7,10.5,11.8,10.7,9.9,11.7,11.8,13.1,11.4,13.8,15.4,14.3,12.2,9.7,8.5,11.1,11.0,11.21,11.33149771
16,San Francisco Police Dept,San Francisco,California,CA,85.0,114.0,103.0,92.0,73.0,101.0,95.0,117.0,129.0,91.0,99.0,82.0,59.0,58.0,64.0,59.0,,68.0,69.0,88.0,96.0,86.0,100.0,98.0,45.0,48.0,50.0,69.0,48.0,45.0,53.0,11.6,15.2,13.4,12.2,9.7,14.0,12.9,15.6,17.5,12.3,13.4,11.0,7.8,7.8,8.5,7.6,,8.4,8.9,11.6,12.8,11.5,13.6,12.3,5.6,6.0,6.1,8.4,5.76,5.29,6.233138185
17,Charlotte-Mecklenburg Police Department,Charlotte-Mecklenburg,North Carolina,NC,,,,,,,,,,,,,,,,,,,,,,,,,58.0,61.0,56.0,52.0,59.0,47.0,60.0,,,,,,,,,,,,,,,,,,,,,,,,,7.5,7.8,7.1,6.4,7.04,5.48,7.001853157
18,Columbus Police Dept,Columbus,Ohio,OH,72.0,78.0,85.0,69.0,90.0,89.0,138.0,113.0,105.0,100.0,77.0,89.0,84.0,78.0,71.0,67.0,81.0,81.0,109.0,78.0,103.0,85.0,79.0,100.0,82.0,95.0,87.0,,,83.0,,12.7,13.8,15.0,11.7,15.7,14.1,21.6,17.6,16.2,15.4,12.1,13.9,13.1,11.8,10.5,9.4,11.4,11.3,15.0,10.7,14.1,11.6,10.7,13.3,10.8,12.1,11.0,,0.0,9.99,
19,City Of Fort Worth Police Dept,City Of Fort Worth,Texas,TX,128.0,200.0,135.0,97.0,113.0,130.0,195.0,153.0,133.0,132.0,108.0,68.0,74.0,64.0,67.0,61.0,67.0,53.0,57.0,52.0,60.0,50.0,58.0,49.0,44.0,63.0,48.0,45.0,48.0,,56.0,30.2,46.2,31.2,22.4,26.2,29.0,42.7,32.9,28.7,27.9,23.5,14.5,15.5,12.9,13.4,11.4,12.3,9.5,9.9,8.7,9.8,7.8,8.6,7.0,6.1,8.5,6.3,5.8,6.08,,6.957325505
20,Detroit Police Dept,Detroit,Michigan,MI,635.0,648.0,686.0,629.0,624.0,582.0,615.0,595.0,579.0,541.0,475.0,428.0,469.0,430.0,415.0,396.0,395.0,402.0,366.0,385.0,356.0,421.0,392.0,323.0,363.0,310.0,344.0,386.0,316.0,298.0,295.0,58.2,59.1,62.8,57.9,60.0,56.6,59.3,57.0,56.8,52.9,47.6,42.7,45.9,43.0,42.6,41.6,41.3,41.8,39.4,42.1,39.5,47.6,45.5,35.7,40.0,43.4,48.2,54.6,45.15,43.52,43.08494013
21,El Paso Police Dept,El Paso,Texas,TX,22.0,46.0,25.0,31.0,41.0,34.0,49.0,44.0,47.0,44.0,37.0,30.0,24.0,17.0,14.0,20.0,20.0,14.0,21.0,11.0,14.0,13.0,17.0,17.0,12.0,5.0,16.0,23.0,10.0,21.0,17.0,4.6,9.5,5.1,6.2,8.0,6.6,9.3,8.2,8.5,7.8,6.3,5.0,3.9,2.7,2.2,3.5,3.5,2.4,3.6,1.9,2.3,2.1,2.8,2.8,1.9,0.8,2.4,3.4,1.47,3.09,2.498996726
22,Louisville Metro,Louisville Metro,Kentucky,KY,,,,,,,,,,,,,,,,,,,,66.0,55.0,50.0,71.0,71.0,62.0,52.0,48.0,62.0,48.0,56.0,,,,,,,,,,,,,,,,,,,,,10.6,8.8,8.0,11.4,11.3,9.8,7.9,7.2,9.3,7.15,8.26,
23,Memphis Police Dept,Memphis,Tennessee,TN,122.0,161.0,143.0,174.0,141.0,195.0,169.0,176.0,198.0,159.0,181.0,161.0,138.0,115.0,118.0,147.0,158.0,149.0,126.0,107.0,138.0,149.0,131.0,138.0,132.0,89.0,117.0,133.0,124.0,140.0,137.0,18.6,24.4,21.7,26.0,21.7,31.9,27.3,28.0,32.0,25.3,29.0,25.5,21.6,19.0,19.3,22.6,24.1,22.5,19.3,16.4,20.3,21.9,19.6,20.5,19.8,13.8,17.9,20.2,18.85,21.38,20.91852159
24,Seattle Police Dept,Seattle,Washington,WA,61.0,50.0,54.0,56.0,38.0,53.0,43.0,60.0,67.0,69.0,41.0,37.0,49.0,49.0,45.0,36.0,25.0,26.0,32.0,24.0,25.0,30.0,24.0,29.0,22.0,19.0,20.0,23.0,19.0,26.0,,12.3,10.0,10.9,11.1,7.4,10.3,8.1,11.0,12.6,12.8,7.7,6.9,9.0,9.1,8.3,6.4,4.4,4.5,5.6,4.2,4.3,5.1,4.1,4.8,3.7,3.1,3.2,3.7,2.96,3.92,0.0
25,Denver Police Dept,Denver,Colorado,CO,72.0,91.0,79.0,69.0,55.0,67.0,88.0,95.0,74.0,81.0,81.0,64.0,69.0,51.0,63.0,32.0,45.0,51.0,63.0,87.0,59.0,51.0,47.0,40.0,35.0,28.0,34.0,39.0,40.0,31.0,53.0,14.0,17.5,15.5,13.8,11.1,14.3,18.4,19.3,14.8,15.8,16.0,12.4,13.1,10.0,12.4,5.8,7.9,8.8,11.1,15.4,10.5,9.0,8.2,6.7,5.8,4.7,5.6,6.2,6.16,4.66,7.965696405
26,Washington Metropolitan Police Dept,Washington Metropolitan,District of Columbia,DC,147.0,194.0,225.0,369.0,434.0,472.0,482.0,443.0,454.0,399.0,361.0,397.0,301.0,260.0,241.0,239.0,232.0,262.0,248.0,198.0,195.0,169.0,181.0,186.0,144.0,132.0,108.0,88.0,103.0,105.0,162.0,23.5,31.0,36.2,59.5,71.9,77.8,80.6,75.2,78.5,70.0,65.2,73.1,56.9,49.7,46.4,41.8,40.6,45.9,44.0,35.8,35.4,29.1,30.8,31.4,24.0,21.9,17.5,13.9,15.93,15.94,24.58669314
27,Boston Police Dept,Boston,Massachusetts,MA,87.0,105.0,76.0,93.0,99.0,143.0,113.0,73.0,98.0,85.0,96.0,59.0,43.0,34.0,31.0,39.0,65.0,60.0,39.0,61.0,73.0,75.0,65.0,62.0,50.0,73.0,63.0,57.0,39.0,53.0,39.0,15.2,18.3,13.2,16.0,17.1,24.9,19.7,12.7,17.7,15.3,17.4,10.7,7.7,6.1,5.6,6.6,11.0,10.1,6.6,10.5,12.9,13.3,11.0,10.3,8.0,11.8,10.1,9.0,6.06,8.1,5.959539312
28,Nashville-Davidson Metro Police Dept,Nashville-Davidson Metro,Tennessee,TN,81.0,93.0,99.0,79.0,69.0,67.0,88.0,90.0,87.0,73.0,105.0,89.0,112.0,97.0,68.0,72.0,60.0,63.0,72.0,59.0,95.0,80.0,73.0,76.0,79.0,55.0,50.0,62.0,35.0,41.0,79.0,16.8,19.7,20.3,15.7,13.8,13.4,17.3,17.5,16.9,14.0,20.1,16.8,21.1,18.5,13.0,13.0,10.8,11.2,13.0,10.6,17.1,14.3,12.9,12.6,12.9,9.1,8.2,10.0,5.51,6.33,12.19721193
29,Baltimore City Police Dept,Baltimore City,Maryland,MD,213.0,240.0,226.0,234.0,262.0,305.0,304.0,335.0,353.0,321.0,322.0,330.0,312.0,313.0,,261.0,256.0,253.0,270.0,276.0,269.0,276.0,282.0,234.0,238.0,223.0,197.0,218.0,233.0,211.0,344.0,27.6,30.6,29.5,30.6,34.3,41.4,40.6,44.3,48.2,43.4,45.2,46.1,43.4,47.3,,40.1,38.7,37.7,41.9,43.5,42.0,43.3,45.2,36.9,37.3,35.9,31.4,34.9,37.41,33.84,55.17126347
30,Portland Police Dept,Portland,Oregon,OR,43.0,46.0,66.0,45.0,38.0,33.0,53.0,46.0,58.0,50.0,43.0,51.0,46.0,26.0,35.0,19.0,21.0,20.0,27.0,29.0,20.0,20.0,22.0,26.0,19.0,22.0,20.0,20.0,14.0,26.0,,11.7,12.5,16.9,11.6,8.9,7.5,11.8,10.0,12.8,10.8,9.4,10.9,9.7,5.3,6.9,3.6,3.9,3.7,5.0,5.3,3.7,3.7,4.1,4.7,3.4,3.8,3.4,3.3,2.3,4.22,
31,Oklahoma City Police Dept,Oklahoma City,Oklahoma,OK,61.0,60.0,48.0,60.0,61.0,68.0,56.0,61.0,80.0,65.0,227.0,67.0,59.0,56.0,56.0,38.0,45.0,38.0,49.0,39.0,54.0,55.0,58.0,57.0,65.0,54.0,58.0,85.0,62.0,45.0,73.0,13.8,13.5,10.9,13.6,14.1,15.3,12.5,13.4,17.5,14.1,48.7,14.3,12.5,12.1,11.8,7.5,8.9,7.4,9.4,7.4,10.2,10.3,10.7,10.3,11.7,9.3,9.9,14.3,10.25,7.28,11.8127756
32,Milwaukee Police Dept,Milwaukee,Wisconsin,WI,68.0,83.0,92.0,81.0,112.0,155.0,163.0,146.0,157.0,139.0,138.0,130.0,122.0,111.0,124.0,122.0,127.0,111.0,110.0,87.0,121.0,103.0,105.0,71.0,72.0,95.0,85.0,91.0,104.0,90.0,146.0,10.9,13.3,15.1,13.3,18.6,24.7,25.6,22.7,25.2,22.1,22.2,20.7,19.4,18.9,21.3,20.4,21.1,18.3,18.5,14.7,20.6,17.7,18.3,11.8,11.9,16.0,14.2,15.2,17.31,14.99,24.318175
33,Albuquerque Police Dept,Albuquerque,New Mexico,NM,42.0,49.0,48.0,49.0,41.0,34.0,51.0,42.0,50.0,45.0,53.0,70.0,49.0,37.0,48.0,33.0,34.0,51.0,51.0,41.0,53.0,34.0,47.0,38.0,56.0,42.0,35.0,41.0,37.0,30.0,47.0,11.8,13.5,12.9,13.0,10.7,8.8,13.0,10.5,12.3,10.8,12.6,16.4,11.4,8.8,11.4,7.4,7.5,11.1,10.9,8.6,10.8,6.8,9.2,7.2,10.6,7.7,6.3,7.4,6.63,5.37,8.409766781
34,Tucson Police Dept,Tucson,Arizona,AZ,32.0,41.0,23.0,31.0,,30.0,24.0,42.0,44.0,37.0,65.0,46.0,50.0,45.0,36.0,60.0,42.0,47.0,47.0,55.0,55.0,51.0,49.0,65.0,35.0,51.0,51.0,43.0,47.0,,31.0,8.4,10.3,6.1,8.1,,7.4,5.8,9.9,10.3,8.4,14.4,9.7,10.3,9.6,7.6,12.3,8.3,9.1,9.1,10.5,10.4,9.5,9.4,12.3,6.4,9.8,9.7,8.1,,,5.878694096
35,Fresno Police Dept,Fresno,California,CA,46.0,53.0,33.0,39.0,42.0,66.0,52.0,81.0,87.0,84.0,71.0,69.0,60.0,36.0,26.0,24.0,40.0,42.0,37.0,53.0,49.0,52.0,52.0,40.0,42.0,45.0,35.0,51.0,40.0,47.0,39.0,16.7,18.8,11.3,13.2,13.3,18.6,14.4,22.0,22.9,22.0,18.3,17.6,15.1,8.9,6.4,5.6,9.2,9.5,8.2,11.6,10.6,11.2,11.0,8.4,8.7,9.1,7.0,10.1,7.86,9.16,7.599568968
36,Sacramento Police Dept,Sacramento,California,CA,39.0,70.0,78.0,68.0,44.0,43.0,66.0,45.0,85.0,62.0,57.0,43.0,41.0,31.0,54.0,39.0,40.0,47.0,43.0,50.0,52.0,57.0,44.0,49.0,30.0,33.0,36.0,34.0,34.0,28.0,43.0,12.5,21.9,23.5,20.0,12.7,11.6,17.5,11.7,22.0,15.9,15.2,11.3,10.7,8.1,13.2,9.6,9.6,11.1,9.8,11.1,11.4,12.4,9.6,10.5,6.4,7.1,7.6,7.1,7.11,5.8,8.906988257
37,Long Beach Police Dept,Long Beach,California,CA,63.0,62.0,62.0,58.0,85.0,106.0,94.0,104.0,126.0,80.0,80.0,95.0,56.0,38.0,46.0,49.0,49.0,67.0,49.0,48.0,42.0,41.0,42.0,40.0,40.0,32.0,25.0,32.0,34.0,23.0,36.0,16.2,15.5,15.3,14.0,20.0,24.7,21.4,23.3,28.4,17.9,18.3,21.6,12.6,8.8,10.5,10.6,10.4,14.0,10.3,10.0,8.8,8.6,8.9,8.6,8.6,6.9,5.3,6.8,7.24,4.88,7.641316599
38,Kansas City Police Dept,Kansas City,Missouri,MO,91.0,116.0,131.0,134.0,140.0,121.0,135.0,150.0,153.0,142.0,107.0,104.0,100.0,130.0,117.0,113.0,103.0,83.0,82.0,89.0,126.0,112.0,90.0,115.0,100.0,102.0,108.0,105.0,99.0,78.0,110.0,20.5,25.9,29.5,29.9,31.8,27.8,30.8,34.0,35.1,32.3,24.0,23.2,22.1,29.0,26.4,25.6,23.2,18.5,18.4,19.9,28.1,25.0,20.1,25.5,20.6,22.2,23.4,22.6,21.27,16.65,23.48334924
39,Mesa Police Dept,Mesa,Arizona,AZ,8.0,11.0,9.0,11.0,10.0,9.0,15.0,9.0,6.0,17.0,17.0,18.0,13.0,11.0,9.0,15.0,17.0,22.0,14.0,22.0,29.0,26.0,22.0,16.0,14.0,15.0,18.0,14.0,22.0,13.0,16.0,4.0,5.2,3.4,4.1,3.5,3.1,5.1,3.0,2.0,5.4,5.2,5.3,3.7,3.0,2.4,3.8,4.1,5.2,3.2,4.9,6.4,5.7,4.8,3.5,3.0,3.4,4.0,3.1,4.82,2.81,3.462513958
40,Virginia Beach Police Dept,Virginia Beach,Virginia,VA,17.0,25.0,11.0,27.0,17.0,16.0,27.0,23.0,22.0,33.0,16.0,20.0,19.0,14.0,12.0,11.0,12.0,3.0,24.0,15.0,19.0,19.0,16.0,14.0,19.0,14.0,15.0,21.0,17.0,17.0,19.0,5.4,7.9,3.2,7.6,4.6,4.1,6.8,5.7,5.2,7.7,3.7,4.5,4.3,3.2,2.7,2.6,2.8,0.7,5.5,3.4,4.3,4.3,3.7,3.2,4.4,3.2,3.4,4.7,3.77,3.77,4.211907728
41,Atlanta Police Dept,Atlanta,Georgia,GA,145.0,186.0,207.0,217.0,246.0,231.0,205.0,198.0,203.0,191.0,184.0,196.0,150.0,149.0,143.0,134.0,144.0,152.0,148.0,111.0,90.0,110.0,129.0,105.0,80.0,93.0,88.0,83.0,84.0,93.0,94.0,33.2,41.7,48.1,48.8,57.7,58.6,50.9,48.2,50.4,46.4,45.5,47.4,35.6,36.0,34.8,32.2,33.8,34.9,34.3,25.8,20.9,22.6,25.9,19.7,14.5,22.1,20.7,19.0,18.62,20.47,20.68830429
42,Colorado Springs,Colorado Springs,Colorado,CO,13.0,23.0,15.0,10.0,9.0,9.0,25.0,17.0,19.0,14.0,18.0,12.0,24.0,8.0,24.0,15.0,14.0,25.0,17.0,14.0,12.0,15.0,27.0,24.0,15.0,20.0,26.0,18.0,26.0,20.0,,5.2,9.0,5.5,3.6,3.2,3.2,8.7,5.7,6.2,4.5,5.5,3.6,7.1,2.2,6.8,4.2,3.8,6.6,4.5,3.7,3.2,4.0,7.2,6.3,3.7,4.8,6.1,4.2,5.96,4.49,
43,Omaha Police Dept,Omaha,Nebraska,NE,24.0,30.0,28.0,28.0,23.0,12.0,35.0,,32.0,33.0,27.0,27.0,31.0,28.0,34.0,37.0,25.0,26.0,35.0,20.0,31.0,33.0,42.0,44.0,30.0,34.0,43.0,41.0,42.0,32.0,50.0,6.6,9.0,7.5,7.4,6.5,3.6,10.3,,9.4,9.6,7.8,7.7,8.8,7.6,9.1,9.5,6.4,6.6,8.7,4.9,7.5,7.9,9.7,10.1,6.8,8.3,10.4,9.8,9.88,7.3,11.40341874
44,Raleigh Police Dept,Raleigh,North Carolina,NC,13.0,16.0,15.0,11.0,15.0,24.0,25.0,19.0,27.0,30.0,18.0,25.0,23.0,28.0,16.0,26.0,10.0,19.0,14.0,16.0,20.0,19.0,23.0,34.0,14.0,14.0,17.0,17.0,12.0,,17.0,7.6,9.2,8.2,5.8,7.9,11.5,11.8,8.9,12.1,13.2,7.5,10.2,9.3,10.9,6.1,9.4,3.6,6.7,4.5,5.0,6.0,5.5,6.3,8.7,3.4,3.5,4.2,4.0,,,3.878064526
45,Miami Police Dept,Miami,Florida,FL,,,,,,,,,,,,,98.0,86.0,63.0,66.0,66.0,65.0,74.0,69.0,54.0,77.0,78.0,63.0,59.0,68.0,68.0,69.0,71.0,81.0,75.0,,,,,,,,,,,,,25.0,23.1,16.9,18.2,17.7,17.1,19.4,17.9,13.9,19.6,19.0,14.7,14.1,17.0,16.8,16.7,16.97,19.19,17.77268031
46,Oakland Police Dept,Oakland,California,CA,95.0,129.0,114.0,112.0,129.0,146.0,149.0,165.0,154.0,140.0,,93.0,99.0,72.0,60.0,80.0,84.0,108.0,109.0,83.0,93.0,145.0,120.0,115.0,104.0,90.0,104.0,127.0,90.0,80.0,85.0,26.2,34.8,31.1,30.5,35.2,39.2,39.2,42.7,40.8,36.9,,25.0,26.3,19.1,16.2,20.0,20.6,26.1,26.8,20.6,23.2,36.4,30.3,28.6,25.7,23.0,26.3,31.8,22.28,19.51,20.73201071
47,Tulsa Police Dept,Tulsa,Oklahoma,OK,33.0,40.0,35.0,35.0,32.0,57.0,42.0,33.0,54.0,42.0,30.0,31.0,40.0,38.0,41.0,33.0,34.0,26.0,61.0,48.0,58.0,53.0,55.0,50.0,68.0,54.0,49.0,42.0,60.0,46.0,56.0,8.8,10.7,9.5,9.4,8.7,15.5,11.3,8.8,14.3,11.0,8.0,8.2,10.5,9.8,10.7,8.4,8.6,6.5,15.5,12.3,15.0,13.7,14.4,13.1,17.7,13.8,12.4,10.5,15.21,11.51,14.01555727
48,Minneapolis Police Dept,Minneapolis,Minnesota,MN,29.0,44.0,38.0,55.0,46.0,,64.0,60.0,58.0,62.0,96.0,83.0,58.0,58.0,47.0,50.0,43.0,47.0,46.0,53.0,47.0,57.0,47.0,37.0,18.0,37.0,32.0,39.0,36.0,31.0,47.0,8.0,12.1,10.6,15.1,13.2,,17.1,15.9,15.8,16.7,26.8,23.0,15.9,16.0,13.2,13.1,11.1,12.0,12.1,14.1,12.5,15.2,12.7,9.8,4.7,9.7,8.3,10.0,9.09,7.66,11.62040345
49,Cleveland,Cleveland,Ohio,OH,131.0,124.0,145.0,137.0,144.0,168.0,175.0,157.0,167.0,132.0,129.0,103.0,77.0,81.0,78.0,71.0,77.0,80.0,73.0,79.0,109.0,77.0,90.0,55.0,83.0,81.0,74.0,84.0,55.0,63.0,,24.0,22.7,26.5,25.2,27.5,33.2,34.3,30.6,33.0,26.1,26.1,20.8,15.5,16.3,15.7,14.8,16.1,16.6,15.6,17.1,23.8,17.0,20.5,12.7,19.3,20.4,18.6,21.3,14.13,16.21,
50,Wichita Police Dept,Wichita,Kansas,KS,26.0,23.0,24.0,15.0,29.0,18.0,24.0,29.0,48.0,42.0,41.0,24.0,32.0,31.0,27.0,31.0,17.0,20.0,18.0,29.0,12.0,26.0,40.0,30.0,25.0,16.0,25.0,23.0,15.0,,27.0,9.1,8.0,8.3,5.1,9.8,5.9,7.8,9.4,15.3,13.3,13.2,7.7,10.1,9.4,8.1,9.0,4.9,5.8,5.1,8.1,3.4,7.3,11.2,8.3,6.8,4.2,6.5,6.0,,,6.967867807
51,Arlington Police Dept,Arlington,Texas,TX,18.0,22.0,18.0,13.0,11.0,8.0,26.0,16.0,7.0,18.0,9.0,17.0,12.0,13.0,11.0,14.0,15.0,14.0,9.0,14.0,24.0,14.0,13.0,23.0,12.0,16.0,22.0,17.0,18.0,13.0,8.0,8.2,9.9,7.2,5.2,4.2,3.1,9.7,5.9,2.5,6.3,3.1,5.7,4.0,4.2,3.5,4.2,4.4,4.0,2.5,3.9,6.6,3.8,3.5,6.1,3.2,4.4,5.9,4.5,4.75,3.39,2.088903743
52,New Orleans Police Dept,New Orleans,Louisiana,LA,152.0,197.0,205.0,228.0,251.0,304.0,345.0,279.0,395.0,424.0,363.0,351.0,267.0,230.0,158.0,204.0,213.0,258.0,274.0,264.0,,162.0,209.0,179.0,174.0,175.0,200.0,193.0,156.0,150.0,164.0,27.1,34.9,37.3,42.4,47.5,61.2,68.9,55.2,80.3,85.8,74.5,71.9,54.7,48.8,33.9,42.1,44.0,53.1,57.7,56.0,,37.6,94.7,63.6,51.7,50.9,57.6,53.2,41.38,38.75,42.36489087
53,Bakersfield Police Dept,Bakersfield,California,CA,17.0,22.0,20.0,22.0,14.0,25.0,20.0,16.0,27.0,35.0,29.0,25.0,22.0,20.0,24.0,23.0,22.0,22.0,24.0,23.0,32.0,24.0,15.0,25.0,27.0,33.0,18.0,34.0,24.0,17.0,,12.7,16.0,13.0,14.1,8.7,14.3,11.2,8.8,14.2,18.3,15.1,12.9,11.2,9.5,11.2,9.3,8.7,8.6,9.1,8.4,11.2,8.0,4.7,7.7,8.2,9.5,5.1,9.6,6.63,4.63,
54,Tampa Police Dept,Tampa,Florida,FL,,,,,,,,,,,,,35.0,40.0,31.0,38.0,34.0,37.0,41.0,30.0,20.0,25.0,28.0,27.0,20.0,27.0,28.0,23.0,28.0,28.0,34.0,,,,,,,,,,,,,11.7,13.6,10.6,12.5,10.9,11.7,12.8,9.2,6.1,7.5,8.3,8.0,5.8,8.0,8.2,6.6,7.97,7.84,9.520502683
55,Anaheim Police Dept,Anaheim,California,CA,16.0,11.0,14.0,19.0,27.0,20.0,25.0,35.0,33.0,24.0,25.0,14.0,15.0,18.0,16.0,11.0,8.0,17.0,9.0,10.0,10.0,10.0,17.0,11.0,9.0,7.0,15.0,15.0,11.0,14.0,,6.7,4.5,5.7,7.6,10.8,7.5,9.2,12.7,11.9,8.6,8.8,4.9,5.2,6.0,5.3,3.4,2.4,5.0,2.7,3.0,3.0,3.0,5.1,3.3,2.7,2.1,4.4,4.4,3.19,4.04,
56,Aurora Police Dept,Aurora,Colorado,CO,10.0,11.0,20.0,15.0,7.0,8.0,11.0,16.0,19.0,15.0,18.0,11.0,17.0,28.0,11.0,22.0,17.0,16.0,18.0,13.0,28.0,18.0,14.0,18.0,19.0,24.0,9.0,29.0,23.0,11.0,24.0,5.0,5.5,9.1,6.8,3.2,3.6,4.8,6.8,7.7,5.9,7.0,4.2,6.4,10.7,4.3,8.0,6.0,5.5,6.2,4.4,9.5,5.9,4.6,5.7,5.9,7.4,2.7,8.6,6.7,3.13,6.838619966
57,Santa Ana Police Dept,Santa Ana,California,CA,33.0,32.0,31.0,38.0,53.0,43.0,59.0,58.0,78.0,74.0,72.0,46.0,27.0,21.0,15.0,17.0,24.0,23.0,17.0,25.0,17.0,26.0,23.0,30.0,25.0,28.0,13.0,11.0,13.0,18.0,,14.2,13.5,12.8,15.4,21.6,14.6,19.7,19.0,26.8,25.3,24.6,15.6,9.0,6.7,4.8,5.0,7.0,6.6,4.9,7.2,4.9,7.6,6.8,8.8,7.4,8.6,4.0,3.3,3.91,5.35,
58,Columbus Police Dept,Columbus,Georgia,GA,23.0,28.0,19.0,21.0,24.0,23.0,23.0,15.0,32.0,20.0,20.0,15.0,14.0,17.0,19.0,18.0,9.0,20.0,19.0,25.0,22.0,17.0,24.0,30.0,13.0,15.0,15.0,17.0,22.0,22.0,,12.9,15.3,10.3,11.5,13.3,12.8,12.5,8.0,16.8,10.3,10.5,7.7,7.1,9.1,10.2,9.7,4.7,10.3,10.1,13.3,11.7,8.9,12.7,16.1,7.0,7.9,7.8,8.7,10.94,10.64,
59,St. Louis Police Dept,St. Louis,Missouri,MO,169.0,195.0,153.0,140.0,158.0,177.0,260.0,231.0,267.0,248.0,204.0,166.0,153.0,113.0,130.0,124.0,148.0,111.0,74.0,113.0,131.0,129.0,138.0,167.0,143.0,144.0,113.0,113.0,120.0,159.0,188.0,39.2,44.9,35.6,32.9,39.0,44.6,65.0,57.4,69.0,63.5,54.9,44.4,40.6,32.8,38.1,35.6,42.2,31.4,21.7,33.7,37.9,37.2,39.6,46.9,40.3,45.1,35.3,35.5,37.67,49.91,59.01297658
60,Riverside Police Dept,Riverside,California,CA,14.0,25.0,17.0,13.0,25.0,22.0,39.0,23.0,33.0,37.0,34.0,18.0,23.0,17.0,30.0,17.0,20.0,20.0,24.0,17.0,10.0,11.0,12.0,19.0,15.0,9.0,13.0,16.0,10.0,12.0,,7.5,13.0,8.4,6.1,11.6,9.7,16.9,9.8,13.7,15.2,14.0,7.3,9.3,6.4,11.3,6.7,7.7,7.6,8.7,6.0,3.4,3.8,4.0,6.3,5.0,3.0,4.2,5.1,3.16,3.76,
61,Corpus Christi Police Dept,Corpus Christi,Texas,TX,29.0,35.0,20.0,26.0,19.0,29.0,32.0,30.0,34.0,13.0,31.0,18.0,18.0,17.0,15.0,17.0,19.0,19.0,21.0,25.0,8.0,21.0,17.0,19.0,12.0,16.0,12.0,16.0,18.0,27.0,,11.0,13.0,7.5,9.9,7.2,11.3,12.2,11.2,12.5,4.7,11.0,6.3,6.2,5.9,5.3,6.1,6.7,6.6,7.4,8.8,2.8,7.2,5.9,6.6,4.2,5.2,3.9,5.1,5.72,8.46,
62,Pittsburgh,Pittsburgh,Pennsylvania,PA,34.0,47.0,37.0,19.0,31.0,35.0,36.0,44.0,80.0,64.0,58.0,47.0,50.0,36.0,49.0,37.0,55.0,47.0,67.0,46.0,63.0,56.0,52.0,72.0,39.0,55.0,44.0,41.0,45.0,69.0,57.0,8.5,11.7,9.5,4.9,8.2,9.5,9.7,11.8,21.7,17.4,16.3,13.3,14.2,10.2,14.1,10.8,16.1,13.7,20.0,13.8,19.0,17.3,16.7,23.2,12.5,17.9,14.3,13.1,14.63,22.43,18.52977605
63,Lexington-Fayette County Police Department,Lexington-Fayette County,Kentucky,KY,7.0,24.0,12.0,,11.0,20.0,13.0,18.0,8.0,23.0,14.0,14.0,24.0,22.0,24.0,11.0,24.0,15.0,18.0,24.0,15.0,9.0,16.0,12.0,13.0,18.0,14.0,12.0,18.0,20.0,,3.3,11.4,5.6,,4.9,8.9,5.7,7.8,3.4,9.7,5.8,5.8,9.9,9.1,9.9,4.2,9.2,5.7,6.8,8.9,5.6,3.3,5.9,4.3,4.4,6.1,4.7,4.0,5.83,6.41,
64,Anchorage Police Dept,Anchorage,Alaska,AK,14.0,17.0,15.0,13.0,11.0,10.0,25.0,17.0,23.0,22.0,29.0,25.0,23.0,19.0,19.0,10.0,10.0,18.0,17.0,15.0,16.0,17.0,22.0,10.0,14.0,13.0,12.0,15.0,14.0,12.0,,6.1,7.1,6.5,6.0,4.9,4.4,10.7,7.0,9.2,8.7,11.4,9.8,9.0,7.5,7.4,3.8,3.8,6.7,6.3,5.5,5.8,6.1,7.7,3.6,4.9,4.5,4.0,5.0,4.68,3.98,
65,Stockton Police Dept,Stockton,California,CA,27.0,35.0,33.0,41.0,42.0,51.0,55.0,53.0,45.0,44.0,42.0,46.0,45.0,27.0,32.0,30.0,30.0,36.0,37.0,40.0,41.0,37.0,29.0,24.0,33.0,49.0,58.0,71.0,32.0,49.0,,15.3,19.4,17.5,21.4,21.5,24.2,25.5,24.2,20.3,19.7,18.8,20.4,19.7,11.3,13.1,12.3,12.1,14.2,13.9,14.6,14.6,12.8,9.8,8.2,11.3,16.8,19.7,23.7,10.67,16.36,
66,Cincinnati Police Dept,Cincinnati,Ohio,OH,45.0,46.0,69.0,47.0,45.0,49.0,54.0,49.0,39.0,38.0,50.0,32.0,,,28.0,22.0,56.0,70.0,72.0,64.0,79.0,90.0,62.0,75.0,55.0,68.0,61.0,46.0,70.0,60.0,,12.2,12.4,18.6,12.4,12.1,13.5,14.7,13.3,10.6,10.4,13.9,8.9,,,8.3,6.6,16.9,21.0,22.2,20.1,25.1,29.1,18.7,22.5,16.5,22.9,20.5,15.5,23.61,20.16,
67,St. Paul Police Dept,St. Paul,Minnesota,MN,17.0,12.0,12.0,17.0,15.0,18.0,12.0,33.0,22.0,29.0,25.0,26.0,24.0,22.0,14.0,20.0,9.0,13.0,20.0,20.0,24.0,17.0,14.0,18.0,13.0,16.0,8.0,13.0,14.0,11.0,,6.3,4.5,4.5,6.3,5.7,6.6,4.4,11.8,8.1,10.6,9.5,9.7,8.9,8.4,5.4,7.0,3.1,4.4,7.0,7.1,8.6,6.1,5.2,6.5,4.6,5.6,2.8,4.5,4.75,3.69,
68,Toledo Police Dept,Toledo,Ohio,OH,27.0,21.0,33.0,,41.0,37.0,36.0,43.0,45.0,40.0,35.0,30.0,25.0,22.0,15.0,12.0,18.0,28.0,21.0,22.0,28.0,35.0,13.0,18.0,33.0,23.0,30.0,39.0,,24.0,,7.9,6.1,9.6,,12.0,11.1,10.7,12.7,13.6,12.1,10.8,9.2,7.7,6.9,4.8,3.8,5.7,8.9,6.8,7.1,9.2,11.6,4.4,5.7,11.3,8.0,10.4,13.6,0.0,8.54,
69,Greensboro Police Dept,Greensboro,North Carolina,NC,13.0,18.0,18.0,16.0,24.0,20.0,35.0,23.0,27.0,21.0,36.0,23.0,35.0,20.0,19.0,21.0,20.0,28.0,36.0,14.0,30.0,27.0,40.0,24.0,24.0,20.0,,21.0,27.0,23.0,,8.0,11.0,10.1,8.8,13.0,10.9,18.8,12.1,14.0,10.7,18.0,11.3,17.0,10.0,9.5,9.4,8.8,12.1,15.6,6.0,12.7,11.4,16.8,9.6,9.5,7.4,,7.6,9.67,8.15,
70,Newark Police Dept,Newark,New Jersey,NJ,117.0,113.0,81.0,115.0,107.0,112.0,88.0,87.0,96.0,96.0,102.0,92.0,57.0,60.0,69.0,58.0,90.0,65.0,81.0,84.0,97.0,105.0,104.0,67.0,80.0,90.0,94.0,96.0,112.0,93.0,107.0,37.0,35.4,25.4,36.0,34.1,40.7,31.8,31.3,35.6,35.4,39.2,35.1,21.6,22.3,25.7,21.2,32.6,23.3,29.1,30.0,34.5,37.4,37.1,23.9,28.7,32.5,33.8,34.4,40.25,33.32,38.33613987
71,Lincoln Police Dept,Lincoln,Nebraska,NE,7.0,3.0,10.0,6.0,4.0,3.0,0.0,7.0,4.0,2.0,2.0,3.0,7.0,9.0,9.0,3.0,6.0,6.0,5.0,6.0,4.0,5.0,6.0,4.0,5.0,2.0,4.0,3.0,5.0,7.0,,3.8,1.7,5.5,3.2,2.1,1.6,0.0,3.6,2.0,1.0,1.0,1.5,3.4,4.2,4.2,1.3,2.7,2.6,2.1,2.5,1.7,2.1,2.5,1.6,2.0,0.8,1.5,1.1,1.87,2.58,
72,Plano Police Dept,Plano,Texas,TX,4.0,5.0,0.0,2.0,6.0,4.0,3.0,1.0,2.0,1.0,4.0,0.0,1.0,4.0,0.0,5.0,4.0,6.0,5.0,5.0,2.0,4.0,2.0,7.0,4.0,4.0,5.0,1.0,3.0,4.0,,4.4,5.1,0.0,1.7,5.0,3.1,2.3,0.7,1.4,0.7,2.5,0.0,0.6,1.9,0.0,2.3,1.8,2.6,2.1,2.0,0.8,1.6,0.8,2.6,1.5,1.5,1.9,0.4,1.09,1.44,
73,Henderson Police Dept,Henderson,Nevada,NV,3.0,1.0,0.0,1.0,1.0,8.0,0.0,9.0,1.0,4.0,3.0,7.0,2.0,3.0,0.0,8.0,9.0,4.0,10.0,7.0,9.0,5.0,9.0,5.0,4.0,8.0,2.0,4.0,8.0,3.0,,8.6,2.3,0.0,1.9,1.6,12.3,0.0,12.6,1.1,4.3,2.8,6.2,1.7,2.2,0.0,4.6,4.9,2.1,4.7,3.1,3.9,2.1,3.6,2.0,1.5,3.1,0.8,1.5,2.98,1.09,
74,Buffalo Police Dept,Buffalo,New York,NY,31.0,35.0,35.0,43.0,37.0,37.0,50.0,76.0,76.0,90.0,62.0,56.0,46.0,39.0,32.0,39.0,64.0,43.0,65.0,51.0,56.0,74.0,54.0,37.0,60.0,55.0,36.0,48.0,47.0,60.0,41.0,9.1,10.3,10.7,13.3,11.8,11.3,15.2,23.0,23.4,27.7,19.8,17.9,14.7,12.6,10.6,13.3,21.8,14.6,22.6,17.9,19.8,26.4,19.7,13.7,22.3,21.0,13.7,18.3,18.16,23.22,15.86570647
75,Fort Wayne Police Dept,Fort Wayne,Indiana,IN,21.0,16.0,,11.0,14.0,17.0,23.0,18.0,28.0,38.0,23.0,13.0,36.0,24.0,20.0,20.0,23.0,24.0,19.0,22.0,25.0,18.0,24.0,25.0,18.0,23.0,24.0,22.0,31.0,12.0,,12.7,9.7,,6.2,7.7,9.8,13.1,10.2,16.0,21.5,12.4,7.0,19.3,12.8,10.7,9.7,11.1,11.5,9.0,10.0,11.3,8.0,9.7,10.0,7.2,9.1,9.4,8.6,12.17,4.67,
76,Jersey City Police Dept,Jersey City,New Jersey,NJ,32.0,19.0,19.0,23.0,36.0,28.0,22.0,25.0,20.0,37.0,25.0,26.0,26.0,18.0,15.0,17.0,25.0,21.0,24.0,23.0,38.0,22.0,20.0,25.0,28.0,26.0,18.0,11.0,20.0,24.0,,14.3,8.4,8.6,10.5,16.5,12.3,9.6,10.9,8.7,16.0,11.0,11.4,11.3,7.8,6.4,6.9,10.3,8.6,9.9,9.6,15.9,9.2,8.3,10.3,11.6,10.5,7.2,4.4,7.79,9.23,
77,Chula Vista Police Dept,Chula Vista,California,CA,3.0,2.0,5.0,8.0,4.0,7.0,8.0,7.0,14.0,7.0,12.0,5.0,8.0,5.0,10.0,3.0,8.0,5.0,7.0,15.0,5.0,7.0,8.0,6.0,4.0,2.0,6.0,8.0,2.0,7.0,,3.2,2.1,4.1,6.4,3.1,5.2,5.8,5.0,9.6,4.8,8.0,3.3,5.2,3.2,6.1,1.7,4.5,2.8,3.6,7.4,2.4,3.3,3.7,2.7,1.8,0.8,2.4,3.2,0.78,2.69,
78,Orlando Police Dept,Orlando,Florida,FL,,,,,,,,,,,,,14.0,25.0,19.0,21.0,15.0,15.0,21.0,17.0,22.0,49.0,39.0,43.0,28.0,18.0,29.0,24.0,17.0,15.0,32.0,,,,,,,,,,,,,7.5,13.8,10.4,11.3,7.9,7.7,10.6,8.3,10.5,22.6,17.4,18.7,11.9,7.6,12.0,9.7,6.71,5.78,12.32309618
79,Mobile Police Dept,Mobile,Alabama,AL,26.0,47.0,32.0,33.0,40.0,41.0,40.0,35.0,42.0,39.0,54.0,51.0,52.0,36.0,30.0,20.0,42.0,40.0,24.0,27.0,35.0,34.0,38.0,42.0,24.0,25.0,30.0,32.0,,31.0,,12.6,22.6,15.6,15.6,19.1,20.9,20.1,17.4,20.6,18.9,26.2,24.6,24.8,14.7,12.3,8.2,16.4,15.6,9.5,10.8,14.0,13.6,15.0,16.7,9.7,10.0,11.9,12.7,0.0,12.37,
80,Chandler Police Dept,Chandler,Arizona,AZ,0.0,3.0,1.0,2.0,1.0,1.0,7.0,2.0,0.0,6.0,9.0,2.0,3.0,5.0,6.0,4.0,6.0,3.0,5.0,3.0,8.0,9.0,9.0,6.0,5.0,6.0,2.0,4.0,2.0,1.0,,0.0,5.6,1.4,2.8,1.2,1.1,7.6,2.1,0.0,5.6,7.3,1.5,2.3,3.3,3.7,2.3,3.3,1.6,2.4,1.4,3.5,3.7,3.6,2.4,2.0,2.5,0.8,1.6,0.8,0.4,
81,Louisville Police Dept,Louisville,Kentucky,KY,30.0,42.0,43.0,,32.0,39.0,43.0,39.0,37.0,52.0,50.0,63.0,62.0,39.0,37.0,39.0,25.0,35.0,,,,,,,,,,,,,,10.3,14.5,15.0,,11.3,14.5,15.9,14.2,13.5,18.8,18.3,23.0,22.4,14.9,14.4,15.2,9.7,13.5,,,,,,,,,,,,,
82,St. Petersburg Police Dept,St. Petersburg,Florida,FL,,,,,,,,,,,,,21.0,23.0,20.0,14.0,21.0,23.0,22.0,19.0,30.0,21.0,26.0,20.0,11.0,13.0,21.0,15.0,15.0,19.0,,,,,,,,,,,,,,8.4,9.5,8.4,5.6,8.2,8.9,8.7,7.5,11.8,8.3,10.5,8.2,4.5,5.3,8.5,6.0,6.07,7.58,
83,Norfolk Police Dept,Norfolk,Virginia,VA,38.0,46.0,50.0,48.0,55.0,63.0,86.0,79.0,62.0,61.0,53.0,61.0,55.0,32.0,,44.0,31.0,41.0,40.0,35.0,59.0,28.0,51.0,29.0,42.0,34.0,29.0,34.0,28.0,31.0,,13.4,16.0,17.8,16.8,18.9,24.1,32.4,29.3,24.1,23.5,21.7,24.8,22.2,13.8,,18.8,13.0,17.0,16.5,14.3,24.5,12.0,22.4,12.3,17.9,14.0,11.8,13.9,11.32,12.55,
84,Laredo,Laredo,Texas,TX,15.0,20.0,11.0,15.0,11.0,14.0,15.0,21.0,21.0,24.0,14.0,11.0,11.0,11.0,8.0,10.0,8.0,7.0,29.0,15.0,18.0,22.0,10.0,10.0,17.0,9.0,11.0,8.0,3.0,14.0,,13.5,17.6,9.3,12.5,8.7,11.4,12.0,16.4,15.1,16.9,9.2,7.0,6.9,6.3,4.5,5.7,4.4,3.8,14.9,7.5,8.7,10.2,4.5,4.5,7.5,3.8,4.6,3.3,1.21,5.58,
85,Durham Police Dept,Durham,North Carolina,NC,19.0,20.0,14.0,16.0,11.0,23.0,30.0,31.0,26.0,35.0,24.0,41.0,33.0,30.0,14.0,28.0,28.0,30.0,22.0,30.0,35.0,13.0,,24.0,21.0,23.0,27.0,21.0,,21.0,,18.4,19.1,12.1,13.6,9.4,16.8,21.6,22.0,18.2,24.0,16.4,27.6,21.9,19.4,9.0,15.0,14.7,15.5,11.1,14.9,17.1,6.2,,10.8,9.2,10.1,11.7,8.9,0.0,8.41,
86,Lubbock Police Dept,Lubbock,Texas,TX,20.0,28.0,24.0,24.0,15.0,16.0,18.0,14.0,17.0,20.0,19.0,15.0,6.0,15.0,14.0,12.0,10.0,11.0,14.0,16.0,11.0,13.0,15.0,8.0,13.0,10.0,8.0,11.0,5.0,12.0,,10.9,15.0,12.8,12.7,7.9,8.6,9.5,7.2,8.9,10.2,9.6,7.4,2.9,7.6,7.2,6.0,4.9,5.3,6.8,7.6,5.2,6.0,7.0,3.6,5.8,4.4,3.4,4.6,2.1,4.96,
87,Winston-Salem Police Dept,Winston-Salem,North Carolina,NC,16.0,17.0,22.0,18.0,31.0,24.0,23.0,33.0,36.0,41.0,23.0,28.0,13.0,18.0,17.0,20.0,15.0,15.0,11.0,21.0,16.0,20.0,,19.0,15.0,11.0,14.0,6.0,15.0,13.0,,11.0,11.5,14.7,11.7,20.6,16.7,15.8,22.3,24.5,27.4,14.6,17.4,8.0,11.5,10.2,10.8,7.9,7.8,5.8,10.9,8.2,10.1,,8.4,6.5,4.8,6.0,2.6,6.36,5.46,
88,Garland Police Dept,Garland,Texas,TX,5.0,15.0,5.0,8.0,9.0,11.0,13.0,15.0,12.0,10.0,7.0,14.0,4.0,1.0,1.0,4.0,9.0,11.0,7.0,6.0,7.0,3.0,7.0,10.0,7.0,7.0,5.0,7.0,6.0,5.0,,3.0,9.0,2.8,4.5,4.9,6.1,7.0,8.0,6.2,5.0,3.5,7.0,2.0,0.5,0.5,1.9,4.1,4.9,3.1,2.7,3.2,1.3,3.2,4.6,3.2,3.1,2.2,3.0,2.55,2.11,
89,Madison City Police Dept,Madison City,Wisconsin,WI,4.0,3.0,6.0,6.0,7.0,3.0,2.0,3.0,2.0,4.0,5.0,1.0,3.0,5.0,4.0,3.0,6.0,3.0,8.0,2.0,2.0,4.0,8.0,10.0,4.0,2.0,8.0,3.0,,,,2.3,1.8,3.4,3.4,3.9,1.6,1.0,1.5,1.0,2.0,2.5,0.5,1.5,2.5,1.9,1.4,2.9,1.4,3.7,0.9,0.9,1.8,3.5,4.3,1.7,0.9,3.4,1.3,,,
90,Hialeah Police Dept,Hialeah,Florida,FL,,,,,,,,,,,,,12.0,8.0,10.0,8.0,9.0,9.0,13.0,12.0,8.0,5.0,7.0,8.0,8.0,12.0,4.0,4.0,13.0,6.0,,,,,,,,,,,,,,5.9,3.8,4.7,3.5,3.9,3.8,5.6,5.2,3.5,2.2,3.2,3.8,3.8,5.3,1.8,1.7,5.55,2.55,
91,Reno Police Dept,Reno,Nevada,NV,9.0,8.0,12.0,14.0,8.0,11.0,9.0,13.0,16.0,21.0,14.0,11.0,13.0,10.0,14.0,9.0,6.0,9.0,11.0,9.0,8.0,23.0,17.0,15.0,9.0,9.0,14.0,7.0,14.0,15.0,,8.3,7.2,10.4,11.7,6.6,8.2,6.3,8.8,11.0,13.8,9.2,6.9,7.8,6.0,8.3,5.0,3.2,4.6,5.6,4.5,3.9,10.9,7.9,6.9,4.1,4.0,6.2,3.0,6.02,6.38,
92,Glendale Police Dept,Glendale,Arizona,AZ,9.0,7.0,13.0,12.0,6.0,15.0,8.0,12.0,16.0,3.0,9.0,11.0,13.0,12.0,16.0,12.0,17.0,17.0,14.0,18.0,19.0,21.0,15.0,17.0,18.0,12.0,22.0,12.0,13.0,,,7.6,5.7,9.9,9.0,4.2,10.1,5.3,7.7,10.0,1.8,5.2,6.0,6.9,6.2,8.1,5.5,7.5,7.3,5.9,7.5,7.8,8.4,6.0,6.6,7.1,5.3,9.6,5.2,,,
93,Irvine Police Department,Irvine,California,CA,2.0,3.0,2.0,1.0,2.0,0.0,0.0,3.0,1.0,1.0,2.0,1.0,1.0,4.0,2.0,1.0,0.0,1.0,2.0,2.0,2.0,4.0,4.0,1.0,3.0,0.0,2.0,2.0,2.0,0.0,,2.6,3.7,2.2,1.1,1.9,0.0,0.0,2.6,0.8,0.8,1.6,0.8,0.8,3.0,1.4,0.7,0.0,0.7,1.2,1.2,1.1,2.1,2.0,0.5,1.4,0.0,0.9,0.9,0.85,0.0,
94,Baton Rouge Police Dept,Baton Rouge,Louisiana,LA,36.0,51.0,34.0,24.0,41.0,49.0,58.0,58.0,73.0,64.0,65.0,71.0,58.0,64.0,53.0,58.0,46.0,59.0,41.0,47.0,49.0,57.0,71.0,67.0,75.0,69.0,64.0,66.0,49.0,53.0,,14.6,20.7,14.0,10.1,17.5,21.0,24.6,24.4,32.4,28.2,28.4,30.9,25.3,29.6,25.0,25.5,20.2,25.8,18.1,20.8,21.8,27.1,31.1,29.5,33.6,30.1,27.6,28.5,21.28,23.11,
95,Savannah Police Dept,Savannah,Georgia,GA,39.0,29.0,24.0,19.0,20.0,33.0,59.0,23.0,33.0,29.0,27.0,22.0,27.0,29.0,39.0,31.0,26.0,32.0,28.0,23.0,,,,,30.0,20.0,26.0,23.0,,,,26.3,19.1,16.0,12.6,13.5,24.0,42.0,16.0,23.3,20.0,18.8,15.0,18.1,20.8,29.1,23.6,19.3,23.3,21.6,17.7,,,,,14.1,8.9,11.5,9.9,,,
96,Chesapeake Police Dept,Chesapeake,Virginia,VA,13.0,10.0,7.0,12.0,14.0,7.0,11.0,9.0,13.0,19.0,10.0,13.0,11.0,4.0,10.0,,,6.0,5.0,12.0,14.0,7.0,12.0,12.0,12.0,9.0,12.0,12.0,9.0,10.0,,10.2,7.7,5.1,8.4,9.3,4.6,7.1,5.7,7.7,11.2,5.5,7.1,5.9,2.0,5.0,,,2.9,2.4,5.6,6.4,3.2,5.4,5.4,5.4,4.1,5.3,5.3,3.9,4.3,
97,Irving Police Dept,Irving,Texas,TX,12.0,18.0,14.0,6.0,11.0,13.0,18.0,14.0,8.0,14.0,5.0,8.0,6.0,9.0,5.0,10.0,10.0,5.0,7.0,10.0,2.0,3.0,9.0,7.0,4.0,6.0,8.0,3.0,2.0,5.0,,9.8,14.4,10.8,4.6,8.2,8.4,11.4,8.7,4.9,8.4,3.0,4.7,3.5,4.9,2.8,5.2,5.1,2.5,3.5,5.1,1.0,1.5,4.6,3.5,2.0,2.8,3.6,1.3,0.88,2.16,
98,Scottsdale Police Dept,Scottsdale,Arizona,AZ,7.0,8.0,4.0,8.0,3.0,0.0,8.0,4.0,3.0,4.0,6.0,8.0,,4.0,2.0,8.0,10.0,1.0,7.0,4.0,4.0,5.0,5.0,5.0,10.0,4.0,4.0,3.0,4.0,,,6.7,7.4,3.4,6.8,2.4,0.0,6.0,2.9,2.1,2.7,3.8,4.8,,2.1,1.0,3.9,4.8,0.5,3.2,1.8,1.7,2.1,2.1,2.1,4.2,1.8,1.8,1.3,,,
99,North Las Vegas Police Dept,North Las Vegas,Nevada,NV,11.0,,,,,,,,,18.0,11.0,28.0,11.0,15.0,15.0,10.0,20.0,19.0,18.0,14.0,20.0,22.0,28.0,11.0,17.0,,,14.0,7.0,12.0,,22.7,,,,,,,,,29.7,16.2,39.4,14.8,17.3,15.4,8.7,16.4,15.1,12.8,9.3,12.2,12.1,13.2,4.8,7.3,,,6.3,3.1,5.23,
100,Gilbert Police Dept,Gilbert,Arizona,AZ,1.0,1.0,1.0,0.0,0.0,1.0,0.0,2.0,0.0,1.0,0.0,1.0,,4.0,1.0,0.0,0.0,5.0,1.0,1.0,0.0,3.0,1.0,0.0,4.0,5.0,2.0,5.0,1.0,0.0,,13.9,11.8,7.4,0.0,0.0,3.4,0.0,6.6,0.0,2.5,0.0,1.8,,5.9,1.1,0.0,0.0,4.3,0.7,0.7,0.0,1.7,0.5,0.0,1.7,2.4,0.9,2.3,0.44,0.0,
101,Fremont Police Dept,Fremont,California,CA,3.0,5.0,1.0,2.0,2.0,2.0,2.0,6.0,4.0,6.0,2.0,3.0,4.0,9.0,1.0,3.0,0.0,3.0,2.0,5.0,1.0,6.0,5.0,2.0,2.0,3.0,2.0,2.0,1.0,1.0,,2.0,3.3,0.6,1.3,1.2,1.2,1.1,3.3,2.2,3.3,1.1,1.6,2.1,4.7,0.5,1.5,0.0,1.4,1.0,2.4,0.5,3.0,2.5,1.0,1.0,1.4,0.9,0.9,0.45,0.44,
102,San Bernardino Police Dept,San Bernardino,California,CA,17.0,32.0,35.0,41.0,,,,75.0,82.0,71.0,67.0,42.0,36.0,41.0,23.0,32.0,30.0,42.0,48.0,50.0,58.0,46.0,45.0,32.0,32.0,31.0,30.0,47.0,45.0,43.0,,12.7,23.3,24.6,27.5,,,,44.0,47.1,40.5,36.7,22.8,19.3,21.8,12.2,17.3,15.9,21.9,24.8,25.3,29.0,23.0,22.4,16.0,16.0,14.8,14.1,21.9,21.0,20.04,
103,Birmingham Police Dept,Birmingham,Alabama,AL,97.0,88.0,84.0,92.0,100.0,125.0,139.0,133.0,121.0,135.0,121.0,113.0,108.0,85.0,78.0,79.0,73.0,65.0,85.0,59.0,104.0,104.0,86.0,82.0,65.0,,54.0,67.0,63.0,52.0,,34.4,30.7,29.8,32.5,36.0,47.0,51.6,48.8,45.0,49.8,44.7,41.5,39.2,32.8,30.7,32.5,29.9,26.5,35.4,24.8,44.3,44.5,37.8,35.9,28.6,,25.3,31.4,29.72,24.52,
104,Spokane Police Dept,Spokane,Washington,WA,9.0,10.0,16.0,10.0,9.0,8.0,7.0,12.0,13.0,7.0,23.0,15.0,11.0,14.0,6.0,8.0,7.0,20.0,13.0,8.0,13.0,10.0,12.0,13.0,7.0,6.0,4.0,13.0,11.0,10.0,,5.1,5.6,9.1,5.7,5.1,4.5,3.8,6.4,6.8,3.6,11.7,7.5,5.4,7.4,3.2,4.1,3.5,9.9,6.6,4.0,6.5,5.0,6.1,6.5,3.4,2.9,1.9,6.1,5.25,4.74,
105,Rochester Police Dept,Rochester,New York,NY,26.0,38.0,29.0,36.0,36.0,40.0,64.0,49.0,64.0,62.0,50.0,51.0,53.0,46.0,27.0,39.0,40.0,42.0,58.0,36.0,53.0,49.0,50.0,42.0,28.0,41.0,31.0,36.0,42.0,27.0,,10.7,15.6,12.3,15.3,15.6,17.3,27.5,21.0,27.2,26.4,21.7,22.0,23.0,20.8,12.4,17.7,18.2,18.9,26.7,16.7,24.9,23.2,24.2,20.5,13.6,19.5,14.7,17.0,19.95,12.84,
106,Boise Police Dept,Boise,Idaho,ID,3.0,0.0,2.0,5.0,0.0,3.0,3.0,5.0,3.0,4.0,3.0,1.0,4.0,3.0,2.0,1.0,2.0,6.0,3.0,0.0,5.0,6.0,10.0,1.0,6.0,3.0,1.0,1.0,3.0,4.0,,2.8,0.0,1.9,4.6,0.0,2.4,2.3,3.8,2.1,2.8,2.0,0.7,2.6,1.9,1.2,0.5,1.1,3.1,1.6,0.0,2.6,3.0,5.0,0.5,2.9,1.5,0.5,0.5,1.4,1.85,
107,Richmond (City) Bureau Of Police,Richmond (City) Bureau Of,Virginia,VA,92.0,82.0,78.0,99.0,98.0,113.0,116.0,117.0,112.0,160.0,120.0,112.0,139.0,94.0,72.0,73.0,71.0,84.0,92.0,93.0,84.0,75.0,54.0,30.0,39.0,42.0,36.0,42.0,,,,41.5,36.5,35.1,45.0,45.3,55.6,56.2,55.9,54.5,77.2,59.1,54.7,67.2,48.4,36.6,36.9,35.4,41.2,46.0,47.3,43.0,38.3,28.2,15.0,19.2,20.6,17.4,20.2,,,
108,Des Moines Police Dept,Des Moines,Iowa,IA,7.0,18.0,14.0,13.0,12.0,16.0,,7.0,9.0,12.0,19.0,19.0,11.0,15.0,13.0,14.0,11.0,9.0,8.0,8.0,6.0,6.0,4.0,12.0,6.0,5.0,8.0,7.0,11.0,9.0,,3.7,9.6,7.3,6.7,6.2,8.3,,3.6,4.6,6.1,9.8,9.7,5.6,7.7,6.8,7.0,5.5,4.5,4.0,4.1,3.1,3.1,2.1,6.1,3.0,2.5,3.9,3.4,5.3,4.32,
109,Montgomery Police Dept,Montgomery,Alabama,AL,22.0,21.0,22.0,25.0,33.0,34.0,36.0,32.0,39.0,41.0,35.0,31.0,26.0,32.0,26.0,31.0,26.0,30.0,18.0,25.0,29.0,27.0,46.0,23.0,31.0,25.0,31.0,44.0,,35.0,,11.8,11.2,11.2,12.9,17.0,18.2,19.0,16.7,20.1,20.9,17.8,15.7,13.0,16.2,13.1,15.4,12.8,14.8,8.9,12.4,14.3,13.4,22.8,11.3,15.3,12.1,15.0,21.1,0.0,17.48,
110,Modesto Police Dept,Modesto,California,CA,5.0,6.0,7.0,7.0,5.0,8.0,7.0,17.0,12.0,12.0,13.0,12.0,17.0,6.0,5.0,3.0,17.0,5.0,17.0,19.0,8.0,11.0,11.0,18.0,21.0,10.0,14.0,20.0,14.0,11.0,,4.0,4.7,5.1,5.0,3.3,4.9,4.2,9.9,6.9,6.8,7.3,6.7,9.4,3.3,2.7,1.6,8.8,2.6,8.3,9.1,3.8,5.3,5.3,8.7,10.3,5.0,6.9,9.8,6.85,5.34,
111,Fayetteville Police Dept,Fayetteville,North Carolina,NC,11.0,11.0,14.0,10.0,19.0,17.0,23.0,12.0,30.0,15.0,19.0,14.0,9.0,15.0,13.0,21.0,18.0,20.0,13.0,14.0,14.0,15.0,21.0,23.0,21.0,17.0,25.0,22.0,25.0,19.0,,17.2,16.2,18.2,13.0,24.9,22.5,29.9,15.4,38.5,18.9,22.2,16.1,10.2,18.5,16.6,17.4,14.6,16.0,10.4,11.1,11.0,11.3,12.6,13.4,12.1,8.5,12.3,10.7,12.34,9.25,
112,Tacoma Police Dept,Tacoma,Washington,WA,13.0,17.0,24.0,33.0,21.0,25.0,31.0,31.0,31.0,33.0,28.0,20.0,21.0,25.0,6.0,15.0,15.0,19.0,13.0,13.0,13.0,21.0,12.0,16.0,8.0,14.0,11.0,12.0,10.0,12.0,,8.0,10.4,14.8,20.0,12.5,14.2,17.0,16.6,16.5,17.3,15.0,10.6,10.9,13.6,3.3,7.7,7.6,9.5,6.5,6.5,6.5,10.5,6.1,8.1,4.0,7.1,5.5,5.9,4.92,5.86,
113,Fontana Police Dept,Fontana,California,CA,1.0,8.0,7.0,4.0,9.0,11.0,13.0,18.0,14.0,19.0,13.0,16.0,12.0,11.0,9.0,13.0,10.0,7.0,18.0,9.0,10.0,5.0,8.0,12.0,6.0,6.0,5.0,5.0,10.0,2.0,,2.2,16.2,12.3,6.7,12.1,12.6,14.5,19.8,14.1,18.9,12.5,15.2,11.3,10.3,8.1,10.1,7.6,5.2,12.4,5.9,6.3,3.0,4.5,6.3,3.2,3.1,2.5,2.5,4.92,0.98,
114,Oxnard Police Dept,Oxnard,California,CA,7.0,13.0,4.0,11.0,6.0,6.0,8.0,14.0,16.0,8.0,11.0,16.0,5.0,7.0,4.0,9.0,6.0,10.0,22.0,18.0,19.0,13.0,9.0,14.0,13.0,8.0,8.0,9.0,15.0,11.0,,5.6,10.2,3.1,8.3,4.5,4.2,5.5,9.5,10.9,5.4,7.5,10.8,3.3,4.5,2.5,5.3,3.5,5.7,12.2,9.8,10.3,7.0,4.8,7.5,6.9,4.0,4.0,4.5,7.4,5.39,
115,Shreveport Police Dept,Shreveport,Louisiana,LA,48.0,45.0,40.0,29.0,51.0,65.0,50.0,47.0,76.0,63.0,61.0,51.0,42.0,34.0,31.0,54.0,31.0,40.0,42.0,33.0,39.0,28.0,36.0,27.0,31.0,26.0,17.0,17.0,26.0,20.0,,21.7,20.3,18.3,13.3,23.5,32.7,25.0,23.3,38.5,31.8,30.7,25.6,21.1,17.8,16.4,27.0,15.5,19.9,21.0,16.6,19.6,14.9,18.0,13.5,15.5,13.0,8.5,8.4,12.86,9.99,
116,Aurora Police Dept,Aurora,Illinois,IL,4.0,9.0,1.0,12.0,9.0,11.0,13.0,14.0,17.0,13.0,24.0,26.0,20.0,11.0,9.0,15.0,8.0,25.0,13.0,17.0,14.0,4.0,12.0,2.0,5.0,4.0,2.0,0.0,4.0,8.0,,4.8,10.5,1.2,13.5,9.8,11.0,13.0,14.0,15.9,12.1,21.2,23.0,17.6,9.1,7.2,10.5,5.6,17.2,8.2,10.4,8.4,2.4,6.9,1.1,2.9,2.0,1.0,0.0,1.99,3.99,
117,Moreno Valley,Moreno Valley,California,CA,,,,,,6.0,21.0,15.0,12.0,11.0,16.0,13.0,14.0,9.0,6.0,1.0,3.0,7.0,4.0,9.0,11.0,16.0,13.0,10.0,6.0,15.0,7.0,5.0,10.0,11.0,,,,,,,5.1,17.3,12.2,9.0,8.2,11.4,9.2,9.8,6.2,4.1,0.7,2.1,4.7,2.6,5.7,6.6,8.9,6.8,5.1,3.0,7.8,3.6,2.5,4.97,5.42,
118,Yonkers Police Dept,Yonkers,New York,NY,21.0,13.0,13.0,9.0,11.0,18.0,9.0,13.0,19.0,14.0,9.0,14.0,16.0,10.0,4.0,16.0,6.0,13.0,13.0,15.0,9.0,8.0,10.0,9.0,8.0,9.0,7.0,4.0,6.0,3.0,,11.0,6.8,7.0,4.8,6.0,9.6,4.8,6.9,10.2,7.5,4.9,7.6,8.7,5.2,2.1,8.2,3.1,6.6,6.6,7.6,4.6,4.1,5.0,4.5,4.0,4.6,3.6,2.0,3.01,1.5,
119,Akron City Police Dept,Akron City,Ohio,OH,17.0,25.0,21.0,30.0,20.0,18.0,40.0,24.0,19.0,23.0,18.0,14.0,,,6.0,3.0,13.0,19.0,16.0,14.0,27.0,27.0,22.0,16.0,20.0,23.0,27.0,24.0,,,,7.5,11.0,9.2,13.2,9.0,8.1,17.8,10.6,8.4,10.2,8.1,6.3,,,2.8,1.4,6.0,8.7,7.5,6.6,12.7,12.8,10.5,7.7,9.7,11.6,13.6,12.1,,,
120,Amarillo Police Dept,Amarillo,Texas,TX,17.0,21.0,18.0,16.0,15.0,22.0,15.0,17.0,11.0,25.0,16.0,11.0,14.0,12.0,10.0,11.0,19.0,7.0,17.0,11.0,10.0,5.0,19.0,13.0,10.0,10.0,10.0,10.0,9.0,7.0,,10.2,12.4,10.8,9.6,9.0,14.0,9.3,10.4,6.7,14.9,9.5,6.4,8.0,6.9,5.8,6.3,10.7,3.9,9.5,6.1,5.4,2.7,10.1,6.9,5.3,5.2,5.1,5.1,4.58,3.54,
121,Little Rock Police Dept,Little Rock,Arkansas,AR,32.0,38.0,28.0,29.0,48.0,33.0,46.0,56.0,68.0,56.0,53.0,29.0,34.0,25.0,30.0,31.0,34.0,41.0,44.0,40.0,41.0,58.0,51.0,37.0,30.0,25.0,37.0,45.0,35.0,43.0,,18.7,22.1,15.4,15.7,26.5,18.8,25.9,31.2,38.0,30.9,29.3,15.9,18.5,14.2,17.1,16.9,18.4,22.1,23.8,21.5,22.1,31.1,27.6,19.7,15.8,12.9,19.0,23.0,17.73,21.69,
122,Huntington Beach Police Dept,Huntington Beach,California,CA,4.0,7.0,6.0,5.0,5.0,5.0,6.0,8.0,3.0,5.0,8.0,0.0,5.0,0.0,5.0,0.0,0.0,3.0,3.0,6.0,1.0,2.0,0.0,3.0,1.0,2.0,4.0,3.0,2.0,1.0,,2.2,3.7,3.2,2.6,2.6,2.8,3.2,4.2,1.6,2.7,4.2,0.0,2.6,0.0,2.5,0.0,0.0,1.5,1.5,3.1,0.5,1.0,0.0,1.6,0.5,1.1,2.1,1.5,1.02,0.5,
123,Glendale Police Dept,Glendale,California,CA,4.0,5.0,6.0,6.0,7.0,3.0,8.0,7.0,9.0,5.0,8.0,14.0,6.0,2.0,3.0,6.0,5.0,9.0,6.0,5.0,19.0,2.0,2.0,3.0,3.0,0.0,0.0,0.0,1.0,0.0,,2.6,3.2,3.8,3.7,4.2,1.7,4.4,3.7,5.0,2.8,4.5,7.7,3.3,1.1,1.6,3.1,2.5,4.5,3.0,2.5,9.4,1.0,1.0,1.5,1.5,0.0,0.0,0.0,0.51,0.0,
124,Grand Rapids Police Dept,Grand Rapids,Michigan,MI,19.0,21.0,15.0,24.0,13.0,18.0,22.0,13.0,33.0,23.0,24.0,20.0,25.0,23.0,16.0,17.0,12.0,8.0,11.0,12.0,12.0,22.0,20.0,15.0,9.0,9.0,10.0,16.0,17.0,7.0,,10.4,11.4,8.0,12.6,7.0,9.5,11.5,6.8,17.2,11.9,12.5,10.4,12.8,12.1,8.6,8.6,6.0,4.0,5.6,6.1,6.1,11.4,10.4,7.8,4.7,4.8,5.3,8.4,8.89,3.62,
125,Salt Lake City Police Dept,Salt Lake City,Utah,UT,14.0,20.0,13.0,15.0,18.0,25.0,14.0,14.0,19.0,20.0,27.0,20.0,21.0,16.0,16.0,10.0,18.0,11.0,15.0,14.0,9.0,8.0,17.0,12.0,3.0,8.0,6.0,8.0,7.0,7.0,8.0,8.5,12.0,8.1,9.3,11.7,15.6,8.5,8.3,11.2,11.4,15.4,11.1,11.3,9.0,9.0,5.5,9.7,5.8,8.2,7.7,4.9,4.4,9.5,6.6,1.7,4.3,3.2,4.2,3.68,3.64,4.158695833
126,Santa Clarita,Santa Clarita,California,CA,,,,,,1.0,2.0,4.0,4.0,0.0,4.0,2.0,2.0,6.0,2.0,0.0,3.0,6.0,3.0,2.0,3.0,3.0,1.0,2.0,5.0,1.0,5.0,1.0,2.0,1.0,,,,,,,0.9,1.8,3.5,3.3,0.0,3.2,1.6,1.6,4.7,1.6,0.0,1.9,3.8,1.8,1.2,1.8,1.8,0.6,1.2,2.9,0.6,2.8,0.6,0.98,0.48,
127,Tallahassee Police Dept,Tallahassee,Florida,FL,,,,,,,,,,,,,5.0,6.0,5.0,8.0,7.0,9.0,4.0,12.0,9.0,10.0,5.0,8.0,6.0,13.0,10.0,12.0,11.0,14.0,,,,,,,,,,,,,,3.6,4.3,3.6,5.3,4.5,5.7,2.5,7.6,5.6,6.2,3.1,4.7,3.4,7.2,5.4,6.5,5.83,7.46,
128,Huntsville Police Dept,Huntsville,Alabama,AL,11.0,19.0,16.0,15.0,12.0,18.0,,20.0,18.0,18.0,10.0,11.0,16.0,11.0,19.0,8.0,15.0,5.0,19.0,6.0,22.0,16.0,21.0,18.0,13.0,12.0,13.0,14.0,24.0,15.0,,7.3,12.5,9.7,9.2,7.5,11.3,,12.2,10.9,10.8,6.2,6.8,9.7,6.4,10.8,5.1,9.4,3.1,11.7,3.6,13.3,9.5,12.4,10.4,7.3,6.7,7.2,7.6,12.99,7.99,
129,Worcester Police Dept,Worcester,Massachusetts,MA,6.0,4.0,13.0,11.0,,,,13.0,12.0,13.0,5.0,7.0,5.0,4.0,8.0,5.0,7.0,11.0,7.0,11.0,6.0,6.0,6.0,6.0,7.0,7.0,11.0,8.0,9.0,6.0,,3.7,2.5,8.2,6.9,,,,7.7,7.3,7.9,3.0,4.2,3.0,2.4,4.8,2.9,4.0,6.3,4.0,6.3,3.4,3.4,3.4,3.4,3.9,3.9,6.0,4.4,4.91,3.27,
130,Knoxville Police Dept,Knoxville,Tennessee,TN,16.0,29.0,20.0,21.0,26.0,25.0,35.0,35.0,14.0,24.0,19.0,23.0,19.0,34.0,20.0,23.0,15.0,22.0,18.0,22.0,24.0,18.0,27.0,29.0,22.0,15.0,17.0,18.0,18.0,12.0,,9.1,16.4,11.4,12.0,15.0,15.1,20.9,20.6,8.2,13.9,11.0,13.2,10.8,20.0,12.0,13.2,8.5,12.4,10.3,12.6,13.3,9.9,14.7,15.7,11.8,8.4,9.4,9.9,9.82,6.51,
131,Newport News Police Dept,Newport News,Virginia,VA,14.0,15.0,16.0,14.0,17.0,26.0,18.0,33.0,22.0,22.0,28.0,27.0,17.0,17.0,16.0,20.0,30.0,20.0,27.0,18.0,19.0,19.0,28.0,16.0,23.0,23.0,15.0,20.0,15.0,25.0,,8.9,9.5,9.7,8.5,10.5,15.3,10.4,18.8,12.2,12.1,15.5,14.8,9.2,9.6,8.9,11.1,16.4,10.8,14.8,9.8,10.3,10.5,15.8,9.0,12.8,12.7,8.2,11.0,8.28,13.71,
132,City Of Overland Park Police Dept,City Of Overland Park,Kansas,KS,3.0,4.0,,1.0,2.0,1.0,1.0,0.0,,,,,,,,,1.0,1.0,,2.0,2.0,0.0,2.0,1.0,3.0,0.0,2.0,2.0,,,,3.5,4.4,,1.0,1.9,0.9,0.9,0.0,,,,,,,,,0.7,0.7,,1.2,1.2,0.0,1.2,0.6,1.7,0.0,1.1,1.1,,,
133,Grand Prairie Police Dept,Grand Prairie,Texas,TX,11.0,8.0,6.0,7.0,10.0,5.0,7.0,9.0,9.0,14.0,12.0,3.0,9.0,9.0,8.0,8.0,6.0,3.0,4.0,9.0,9.0,3.0,6.0,7.0,7.0,4.0,9.0,1.0,11.0,4.0,,13.3,8.9,6.2,7.2,10.0,5.0,6.9,8.7,8.4,12.9,10.8,2.7,7.8,8.0,7.0,6.3,4.6,2.3,2.9,6.5,6.3,2.0,3.8,4.3,4.2,2.3,5.0,0.6,5.98,2.16,
134,Providence Police Dept,Providence,Rhode Island,RI,14.0,18.0,20.0,21.0,28.0,31.0,17.0,19.0,22.0,20.0,25.0,16.0,12.0,15.0,26.0,30.0,23.0,23.0,18.0,17.0,20.0,11.0,11.0,12.0,24.0,15.0,,17.0,12.0,18.0,,9.0,11.5,12.6,13.0,17.8,19.3,10.6,11.8,13.8,12.6,16.7,10.7,8.0,9.9,17.2,17.3,13.1,13.0,10.2,9.6,11.3,6.3,6.3,7.0,14.0,8.4,,9.6,6.71,10.08,
135,Brownsville Police Dept,Brownsville,Texas,TX,9.0,6.0,8.0,9.0,14.0,13.0,18.0,15.0,17.0,12.0,7.0,11.0,8.0,14.0,4.0,6.0,7.0,1.0,8.0,1.0,4.0,5.0,5.0,4.0,4.0,7.0,1.0,3.0,1.0,5.0,,9.2,6.1,7.8,8.6,13.3,13.1,18.0,15.0,15.8,10.9,6.1,9.4,6.7,10.2,2.9,4.3,4.9,0.7,5.2,0.6,2.4,2.9,2.8,2.3,2.2,4.0,0.6,1.7,0.55,2.73,
136,Jackson Police Dept,Jackson,Mississippi,MS,38.0,33.0,52.0,48.0,48.0,44.0,74.0,63.0,83.0,91.0,92.0,67.0,61.0,60.0,45.0,39.0,50.0,49.0,45.0,53.0,38.0,40.0,46.0,63.0,37.0,41.0,52.0,63.0,50.0,61.0,,18.1,15.6,25.0,23.2,23.8,22.4,37.3,31.5,41.9,45.4,47.1,34.1,30.8,31.0,23.7,21.2,27.0,26.3,24.8,29.3,21.1,22.6,26.2,36.1,21.4,23.6,29.9,35.8,28.4,35.39,
137,Chattanooga Police Dept,Chattanooga,Tennessee,TN,26.0,25.0,26.0,22.0,14.0,32.0,49.0,31.0,38.0,43.0,28.0,21.0,36.0,22.0,22.0,17.0,29.0,24.0,19.0,12.0,22.0,17.0,14.0,19.0,17.0,18.0,24.0,22.0,18.0,27.0,,15.7,14.9,15.9,13.2,8.5,21.0,31.6,19.7,24.5,27.3,18.1,13.4,22.8,14.4,14.7,10.9,18.5,15.1,12.1,7.7,14.1,10.8,9.0,11.1,9.9,10.7,14.2,12.8,10.45,15.48,
138,Oceanside,Oceanside,California,CA,6.0,9.0,12.0,12.0,10.0,11.0,13.0,16.0,18.0,15.0,23.0,10.0,9.0,8.0,7.0,3.0,4.0,5.0,8.0,8.0,7.0,8.0,3.0,5.0,4.0,4.0,7.0,8.0,9.0,5.0,,6.7,9.5,11.8,11.4,8.6,8.6,9.9,12.0,12.8,10.6,15.7,6.7,6.0,5.3,4.5,1.9,2.4,3.0,4.8,4.7,4.2,4.8,1.8,2.9,2.3,2.4,4.1,4.7,5.22,2.87,
139,Garden Grove Police Dept,Garden Grove,California,CA,13.0,12.0,10.0,8.0,8.0,16.0,7.0,5.0,13.0,7.0,6.0,5.0,3.0,7.0,11.0,4.0,5.0,6.0,6.0,10.0,6.0,9.0,8.0,3.0,6.0,3.0,2.0,1.0,5.0,5.0,,9.8,8.8,7.2,5.7,5.8,11.2,4.8,3.4,8.8,4.7,4.0,3.3,2.0,4.5,7.2,2.4,3.0,3.5,3.5,5.9,3.6,5.4,4.8,1.8,3.6,1.8,1.2,0.6,2.85,2.84,
140,Santa Rosa Police Dept,Santa Rosa,California,CA,5.0,11.0,2.0,5.0,5.0,1.0,6.0,2.0,7.0,5.0,4.0,2.0,10.0,4.0,5.0,2.0,3.0,6.0,2.0,5.0,2.0,6.0,4.0,8.0,2.0,2.0,5.0,2.0,3.0,2.0,,5.4,11.4,2.0,4.9,4.5,0.9,5.2,1.7,5.9,4.2,3.4,1.7,8.3,3.2,3.9,1.4,2.0,3.9,1.3,3.2,1.3,3.9,2.6,5.2,1.3,1.2,2.9,1.2,1.75,1.16,
141,Fort Lauderdale Police Dept,Fort Lauderdale,Florida,FL,,,,,,,,,,,,,16.0,16.0,22.0,13.0,29.0,12.0,18.0,15.0,15.0,21.0,25.0,22.0,13.0,7.0,12.0,16.0,13.0,18.0,,,,,,,,,,,,,,9.4,10.1,14.1,8.5,18.5,7.5,11.2,9.0,8.9,12.3,13.3,12.0,7.1,4.2,7.2,9.4,7.54,10.34,
142,Rancho Cucamonga,Rancho Cucamonga,California,CA,5.0,3.0,1.0,5.0,1.0,6.0,6.0,3.0,4.0,5.0,7.0,8.0,4.0,5.0,7.0,6.0,1.0,2.0,4.0,4.0,2.0,3.0,3.0,2.0,1.0,2.0,6.0,4.0,1.0,4.0,,7.9,4.5,1.3,6.1,1.0,5.9,5.8,2.9,3.6,4.4,6.1,6.9,3.4,4.2,5.7,4.7,0.8,1.5,2.8,2.6,1.2,1.8,1.7,1.1,0.6,1.2,3.6,2.4,0.58,2.32,
143,Tempe Police Dept,Tempe,Arizona,AZ,,7.0,4.0,9.0,4.0,3.0,6.0,8.0,4.0,9.0,7.0,3.0,12.0,4.0,6.0,13.0,5.0,10.0,7.0,8.0,4.0,5.0,10.0,6.0,2.0,11.0,5.0,11.0,3.0,5.0,,,5.4,2.8,6.2,2.8,2.1,4.1,5.4,2.7,6.0,4.7,1.9,7.4,2.3,3.5,8.2,3.0,5.9,4.3,4.9,2.4,3.0,5.8,3.4,1.1,6.8,3.0,6.6,1.78,2.94,
144,Ontario Police Dept,Ontario,California,CA,8.0,17.0,14.0,9.0,19.0,19.0,26.0,19.0,19.0,25.0,21.0,17.0,13.0,18.0,9.0,15.0,10.0,7.0,11.0,7.0,12.0,13.0,15.0,5.0,5.0,3.0,6.0,3.0,9.0,6.0,,7.3,15.2,11.9,7.3,15.0,14.3,19.1,13.8,13.5,17.7,15.5,12.4,9.4,12.1,6.0,9.5,6.2,4.3,6.6,4.1,7.0,7.5,8.5,2.9,2.9,1.8,3.6,1.8,5.35,3.57,
145,City Of Port St Lucie Police Dept,City Of Port St Lucie,Florida,FL,,,,,,,,,,,,,4.0,1.0,3.0,3.0,5.0,1.0,1.0,0.0,1.0,7.0,2.0,3.0,1.0,3.0,6.0,4.0,,,,,,,,,,,,,,,,5.4,1.3,3.7,3.4,5.5,1.1,1.0,0.0,0.8,5.2,1.3,1.9,0.6,1.8,3.6,2.4,,,
146,Vancouver Police Dept,Vancouver,Washington,WA,2.0,2.0,3.0,2.0,3.0,3.0,0.0,0.0,3.0,5.0,1.0,3.0,1.0,0.0,1.0,4.0,4.0,1.0,2.0,9.0,8.0,4.0,7.0,0.0,6.0,0.0,9.0,5.0,2.0,6.0,,4.5,4.5,6.7,4.4,6.4,6.5,0.0,0.0,5.9,9.7,1.9,5.6,1.8,0.0,1.3,2.8,2.7,0.7,1.3,5.9,5.1,2.5,4.3,0.0,3.6,0.0,5.5,3.0,1.2,3.56,
147,Springfield Police Dept,Springfield,Missouri,MO,6.0,5.0,1.0,5.0,7.0,7.0,4.0,8.0,7.0,3.0,5.0,4.0,7.0,7.0,4.0,4.0,10.0,4.0,6.0,8.0,5.0,6.0,5.0,9.0,6.0,11.0,5.0,16.0,12.0,16.0,,4.4,3.6,0.7,3.5,4.9,5.0,2.8,5.6,4.8,2.0,3.3,2.6,4.6,4.8,2.8,2.6,6.6,2.6,4.0,5.3,3.3,4.0,3.3,5.8,3.8,6.9,3.1,9.9,7.36,9.68,
148,Cape Coral Police Dept,Cape Coral,Florida,FL,,,,,,,,,,,,,0.0,3.0,1.0,0.0,2.0,3.0,1.0,4.0,5.0,6.0,5.0,7.0,3.0,3.0,3.0,4.0,3.0,4.0,,,,,,,,,,,,,,0.0,3.3,1.1,0.0,1.9,2.8,0.9,3.3,3.8,4.2,3.1,4.3,1.8,1.9,1.9,2.5,1.84,2.37,
149,Corona Police Dept,Corona,California,CA,4.0,3.0,2.0,3.0,1.0,4.0,3.0,6.0,1.0,4.0,4.0,4.0,8.0,1.0,4.0,6.0,3.0,8.0,6.0,5.0,4.0,1.0,5.0,4.0,8.0,2.0,2.0,1.0,9.0,0.0,,9.3,6.7,4.2,6.0,1.8,5.3,3.9,7.6,1.1,4.6,4.3,4.2,8.4,1.0,3.5,4.8,2.4,6.2,4.3,3.5,2.7,0.7,3.3,2.6,5.2,1.3,1.3,0.6,5.62,0.0,
150,Lancaster,Lancaster,California,CA,6.0,4.0,2.0,4.0,2.0,4.0,14.0,10.0,7.0,10.0,9.0,12.0,7.0,8.0,5.0,5.0,7.0,12.0,18.0,15.0,16.0,19.0,12.0,10.0,10.0,7.0,4.0,8.0,9.0,4.0,,11.0,6.9,3.1,6.0,2.6,4.1,14.1,10.0,6.5,9.3,7.5,9.9,5.7,6.8,4.2,4.2,5.8,9.7,14.3,11.8,12.3,14.0,8.3,6.8,6.7,4.5,2.5,5.0,5.63,2.5,
151,Sioux Falls Police Dept,Sioux Falls,South Dakota,SD,1.0,3.0,1.0,4.0,2.0,4.0,2.0,0.0,2.0,3.0,5.0,1.0,1.0,0.0,5.0,2.0,2.0,1.0,3.0,3.0,6.0,7.0,2.0,5.0,1.0,5.0,5.0,2.0,3.0,4.0,,1.2,3.4,1.0,4.0,2.0,4.0,2.0,0.0,1.9,2.8,4.5,0.9,0.9,0.0,4.3,1.6,1.6,0.8,2.3,2.2,4.4,5.0,1.4,3.2,0.6,3.2,3.2,1.3,1.85,2.39,
152,Peoria Police Dept,Peoria,Arizona,AZ,1.0,1.0,0.0,0.0,1.0,1.0,2.0,2.0,4.0,2.0,3.0,3.0,9.0,2.0,6.0,4.0,3.0,0.0,2.0,9.0,1.0,2.0,6.0,8.0,9.0,6.0,2.0,9.0,4.0,2.0,,6.6,5.3,0.0,0.0,2.5,2.0,3.9,3.8,7.0,3.4,4.1,3.9,11.5,2.5,6.7,3.7,2.7,0.0,1.6,6.9,0.7,1.4,4.1,5.3,5.5,3.9,1.3,5.7,2.47,1.21,
153,Salem Police Dept,Salem,Oregon,OR,7.0,8.0,2.0,4.0,1.0,6.0,2.0,7.0,7.0,10.0,9.0,7.0,1.0,11.0,2.0,5.0,4.0,6.0,5.0,3.0,3.0,9.0,3.0,6.0,5.0,1.0,3.0,7.0,7.0,2.0,,7.7,8.8,2.1,4.2,1.0,5.6,1.8,6.2,6.1,8.6,7.7,5.8,0.8,8.7,1.6,3.7,2.9,4.3,3.5,2.1,2.0,6.0,1.9,3.9,3.2,0.6,1.9,4.4,4.42,1.23,
154,Pembroke Pines Police Dept,Pembroke Pines,Florida,FL,,,,,,,,,,,,,1.0,2.0,0.0,2.0,3.0,3.0,0.0,1.0,6.0,1.0,0.0,3.0,4.0,4.0,4.0,2.0,0.0,4.0,,,,,,,,,,,,,,1.2,1.9,0.0,1.5,2.1,2.1,0.0,0.7,3.9,0.7,0.0,2.1,2.7,2.6,2.6,1.3,0.0,2.43,
155,Eugene Police Dept,Eugene,Oregon,OR,1.0,8.0,3.0,1.0,3.0,1.0,0.0,2.0,3.0,2.0,3.0,2.0,2.0,3.0,2.0,2.0,2.0,2.0,2.0,1.0,5.0,3.0,1.0,2.0,1.0,0.0,0.0,0.0,0.0,,,1.0,7.8,2.8,0.9,2.7,0.9,0.0,1.7,2.5,1.7,2.5,1.6,1.6,2.4,1.5,1.5,1.4,1.4,1.4,0.7,3.5,2.0,0.7,1.3,0.7,0.0,0.0,0.0,,,
156,Palmdale,Palmdale,California,CA,1.0,1.0,2.0,4.0,2.0,4.0,4.0,11.0,8.0,10.0,7.0,6.0,6.0,7.0,6.0,6.0,8.0,7.0,11.0,10.0,15.0,15.0,11.0,5.0,8.0,8.0,9.0,6.0,10.0,9.0,,6.5,5.1,7.1,14.0,4.8,5.8,5.7,15.4,9.4,11.6,6.7,5.7,5.7,6.4,5.9,5.1,6.7,5.8,8.8,7.7,11.4,11.0,7.7,3.5,5.5,5.2,5.8,3.9,6.39,5.69,
157,Salinas Police Dept,Salinas,California,CA,10.0,9.0,7.0,4.0,7.0,11.0,7.0,16.0,15.0,24.0,15.0,9.0,18.0,17.0,12.0,18.0,15.0,20.0,19.0,17.0,7.0,7.0,14.0,25.0,29.0,19.0,15.0,21.0,24.0,15.0,,11.1,9.8,7.0,4.0,6.7,10.1,6.3,14.2,12.9,20.6,12.5,7.4,14.6,14.5,9.7,11.9,9.7,12.8,12.6,11.4,4.7,4.7,9.6,17.4,20.2,12.6,9.9,13.6,15.41,9.56,
158,Springfield Police Dept,Springfield,Massachusetts,MA,18.0,6.0,8.0,10.0,7.0,13.0,13.0,13.0,19.0,16.0,19.0,12.0,9.0,17.0,7.0,8.0,13.0,12.0,12.0,17.0,18.0,15.0,20.0,14.0,16.0,17.0,20.0,11.0,22.0,13.0,,11.9,4.0,5.3,6.7,4.6,8.3,8.3,8.3,12.3,10.3,12.7,8.0,6.0,11.3,4.7,5.3,8.5,7.8,7.9,11.2,11.9,9.8,13.2,9.3,10.4,11.1,13.0,7.1,14.32,8.45,
159,Pasadena Police Dept,Pasadena,Texas,TX,10.0,9.0,10.0,5.0,4.0,4.0,6.0,10.0,10.0,9.0,15.0,9.0,9.0,8.0,7.0,1.0,3.0,7.0,5.0,8.0,5.0,7.0,2.0,11.0,8.0,7.0,5.0,8.0,3.0,7.0,,8.2,7.2,8.4,4.2,3.4,3.4,4.9,8.1,7.8,6.9,11.4,6.7,6.6,5.9,5.2,0.7,2.1,4.7,3.4,5.4,3.4,4.7,1.4,7.5,5.4,4.7,3.3,5.2,1.96,4.56,
160,Fort Collins Police Dept,Fort Collins,Colorado,CO,7.0,4.0,2.0,1.0,2.0,2.0,0.0,,1.0,1.0,2.0,3.0,1.0,4.0,3.0,0.0,1.0,0.0,2.0,0.0,2.0,0.0,1.0,2.0,2.0,0.0,3.0,2.0,0.0,1.0,,9.7,5.5,2.7,1.3,2.6,2.3,0.0,,1.0,1.0,2.0,2.9,0.9,3.7,2.7,0.0,0.8,0.0,1.6,0.0,1.6,0.0,0.8,1.5,1.4,0.0,2.0,1.3,0.0,0.65,
161,Pomona Police Dept,Pomona,California,CA,24.0,28.0,35.0,28.0,44.0,34.0,25.0,39.0,40.0,39.0,32.0,19.0,34.0,16.0,26.0,23.0,19.0,18.0,17.0,21.0,21.0,19.0,27.0,20.0,17.0,16.0,11.0,17.0,29.0,18.0,,21.8,24.9,29.5,23.2,35.6,25.8,18.6,28.5,28.2,27.3,22.1,13.0,23.0,11.7,18.9,15.4,12.5,11.6,11.0,13.5,13.4,12.2,17.4,13.1,11.1,10.7,7.3,11.2,19.16,11.85,
162,Rockford Police Dept,Rockford,Illinois,IL,6.0,12.0,8.0,19.0,7.0,16.0,13.0,12.0,22.0,30.0,19.0,31.0,14.0,12.0,17.0,11.0,11.0,20.0,12.0,8.0,19.0,19.0,22.0,20.0,22.0,23.0,21.0,9.0,19.0,17.0,,4.4,8.8,5.9,14.0,5.2,11.5,9.2,8.5,15.4,20.9,13.2,21.5,9.7,8.2,11.8,7.3,7.3,13.1,7.9,5.2,12.4,12.4,14.1,12.7,13.9,15.0,13.7,5.9,12.65,11.36,
163,Hayward Police Dept,Hayward,California,CA,6.0,5.0,3.0,8.0,6.0,4.0,10.0,5.0,8.0,12.0,12.0,12.0,7.0,5.0,11.0,9.0,10.0,9.0,8.0,9.0,9.0,4.0,8.0,7.0,7.0,13.0,7.0,6.0,5.0,9.0,,5.9,4.8,2.9,7.6,5.6,3.6,8.8,4.3,6.9,10.2,10.3,10.2,5.9,4.0,8.4,6.4,7.0,6.2,5.5,6.3,6.4,2.8,5.7,5.0,4.9,9.0,4.8,4.1,3.31,5.87,
164,Cary Police Dept,Cary,North Carolina,NC,0.0,0.0,0.0,1.0,0.0,0.0,0.0,0.0,0.0,3.0,2.0,0.0,0.0,0.0,0.0,0.0,1.0,0.0,0.0,1.0,0.0,0.0,1.0,3.0,0.0,1.0,1.0,0.0,1.0,3.0,,0.0,0.0,0.0,3.1,0.0,0.0,0.0,0.0,0.0,5.6,3.2,0.0,0.0,0.0,0.0,0.0,1.0,0.0,0.0,1.0,0.0,0.0,0.9,2.4,0.0,0.7,0.7,0.0,0.67,1.94,
165,Joliet,Joliet,Illinois,IL,10.0,11.0,13.0,13.0,8.0,22.0,22.0,14.0,17.0,20.0,,,,,,,5.0,7.0,11.0,9.0,11.0,14.0,9.0,5.0,12.0,11.0,8.0,11.0,10.0,8.0,,12.9,14.3,17.1,16.8,10.7,28.6,28.4,17.9,21.4,25.0,,,,,,,4.7,6.5,9.2,7.2,8.5,10.2,6.1,3.3,7.9,7.5,5.4,7.4,6.74,5.41,
166,Kansas City Police Dept,Kansas City,Kansas,KS,23.0,21.0,31.0,37.0,44.0,28.0,44.0,60.0,,,,,,,,,,,,37.0,37.0,45.0,20.0,,35.0,25.0,27.0,15.0,28.0,25.0,,14.3,13.0,19.0,22.8,27.2,18.7,29.2,39.3,,,,,,,,,,,,25.3,25.4,31.0,13.9,,24.6,17.1,18.4,10.2,18.97,16.77,
167,Alexandria Police Dept,Alexandria,Virginia,VA,7.0,4.0,8.0,6.0,8.0,8.0,7.0,4.0,9.0,9.0,2.0,7.0,5.0,7.0,2.0,0.0,3.0,3.0,3.0,2.0,3.0,7.0,7.0,4.0,5.0,2.0,1.0,0.0,5.0,4.0,,6.5,3.6,7.3,5.5,7.3,7.2,6.2,3.5,7.8,7.8,1.8,6.1,4.3,6.0,1.7,0.0,2.3,2.3,2.3,1.5,2.3,5.1,5.1,2.8,3.4,1.4,0.7,0.0,3.37,2.65,
168,Escondido Police Dept,Escondido,California,CA,3.0,5.0,4.0,6.0,6.0,4.0,11.0,8.0,8.0,9.0,11.0,7.0,6.0,1.0,3.0,5.0,2.0,4.0,5.0,3.0,2.0,3.0,4.0,4.0,4.0,3.0,3.0,5.0,6.0,3.0,,4.0,6.3,4.7,6.8,6.1,3.7,9.9,7.1,7.0,7.8,9.4,5.9,5.0,0.8,2.5,3.7,1.5,2.9,3.6,2.2,1.5,2.2,3.0,2.9,2.9,2.1,2.1,3.4,4.04,2.0,
169,Torrance Police Dept,Torrance,California,CA,4.0,6.0,3.0,3.0,7.0,2.0,2.0,2.0,12.0,3.0,5.0,3.0,2.0,3.0,3.0,2.0,4.0,2.0,2.0,0.0,1.0,1.0,2.0,2.0,1.0,4.0,2.0,4.0,1.0,2.0,,2.9,4.3,2.2,2.1,4.9,1.5,1.5,1.4,8.8,2.2,3.6,2.1,1.4,2.2,2.1,1.4,2.8,1.4,1.4,0.0,0.7,0.7,1.4,1.4,0.7,2.8,1.4,2.7,0.68,1.35,
170,Bridgeport Police Dept,Bridgeport,Connecticut,CT,30.0,40.0,37.0,43.0,36.0,57.0,51.0,57.0,60.0,50.0,33.0,44.0,34.0,32.0,30.0,19.0,16.0,12.0,16.0,14.0,19.0,28.0,14.0,20.0,12.0,22.0,20.0,22.0,11.0,11.0,,21.0,27.8,25.9,30.1,25.7,40.2,35.9,40.3,43.8,36.6,24.8,33.1,25.6,23.1,21.8,13.6,11.4,8.5,11.3,10.0,13.6,20.2,10.2,14.7,8.8,15.3,13.8,15.1,7.48,7.44,
171,Paterson Police Dept,Paterson,New Jersey,NJ,29.0,20.0,17.0,17.0,14.0,13.0,19.0,16.0,23.0,15.0,12.0,7.0,14.0,17.0,13.0,17.0,16.0,15.0,20.0,10.0,20.0,15.0,14.0,17.0,15.0,17.0,17.0,21.0,18.0,24.0,,20.8,14.2,12.1,12.1,10.1,9.2,13.4,11.3,16.4,10.6,8.6,5.0,9.9,11.2,8.7,11.4,10.6,9.8,13.2,6.6,13.2,10.0,9.5,11.7,10.3,11.6,11.6,14.3,12.41,16.43,
172,Hollywood Police Dept,Hollywood,Florida,FL,,,,,,,,,,,,,9.0,6.0,9.0,3.0,7.0,11.0,4.0,8.0,6.0,8.0,13.0,13.0,7.0,7.0,4.0,5.0,16.0,12.0,,,,,,,,,,,,,,6.9,4.5,6.8,2.2,4.9,7.5,2.7,5.5,4.1,5.4,8.9,9.2,4.9,5.0,2.8,3.4,10.91,8.11,
173,Lakewood,Lakewood,Colorado,CO,1.0,5.0,5.0,1.0,2.0,3.0,3.0,2.0,6.0,5.0,6.0,4.0,2.0,,7.0,6.0,6.0,1.0,6.0,5.0,4.0,4.0,1.0,1.0,5.0,0.0,8.0,2.0,6.0,5.0,,0.8,4.0,4.1,0.8,1.7,2.4,2.3,1.5,4.6,3.8,4.6,3.0,1.5,,5.0,4.2,4.1,0.7,4.1,3.5,2.8,2.8,0.7,0.7,3.6,0.0,5.5,1.4,4.1,3.37,
174,Syracuse Police Dept,Syracuse,New York,NY,12.0,9.0,14.0,16.0,13.0,14.0,13.0,13.0,18.0,16.0,18.0,15.0,15.0,12.0,9.0,18.0,15.0,23.0,17.0,16.0,19.0,12.0,19.0,24.0,18.0,15.0,11.0,14.0,21.0,20.0,,7.3,5.5,8.7,10.0,8.4,8.5,7.9,7.9,11.0,9.8,11.3,9.4,9.4,7.7,5.9,12.2,10.2,15.5,11.7,11.1,13.3,8.4,13.6,17.4,13.1,10.3,7.5,9.6,14.6,13.84,
175,Naperville Police Dept,Naperville,Illinois,IL,0.0,0.0,1.0,0.0,0.0,0.0,1.0,0.0,2.0,0.0,2.0,2.0,0.0,0.0,4.0,0.0,0.0,1.0,0.0,0.0,0.0,0.0,2.0,2.0,0.0,0.0,2.0,3.0,0.0,1.0,,0.0,0.0,1.6,0.0,0.0,0.0,1.2,0.0,2.2,0.0,2.0,2.0,0.0,0.0,3.2,0.0,0.0,0.8,0.0,0.0,0.0,0.0,1.4,1.4,0.0,0.0,1.4,2.1,0.0,0.69,
176,Mesquite Police Dept,Mesquite,Texas,TX,3.0,4.0,8.0,5.0,3.0,4.0,4.0,3.0,5.0,4.0,1.0,3.0,4.0,1.0,3.0,2.0,4.0,9.0,1.0,5.0,7.0,5.0,6.0,3.0,5.0,7.0,2.0,2.0,6.0,4.0,,3.9,5.0,9.0,5.6,3.2,3.9,3.9,2.8,4.5,3.6,0.9,2.5,3.3,0.9,2.6,1.6,3.1,6.9,0.8,3.8,5.3,3.7,4.5,2.3,3.8,5.0,1.4,1.4,4.16,2.77,
177,Sunnyvale Dept Of Public Safety,Sunnyvale Dept Of Public Safety,California,CA,5.0,4.0,5.0,10.0,2.0,2.0,3.0,2.0,3.0,2.0,3.0,0.0,0.0,2.0,1.0,1.0,0.0,2.0,2.0,2.0,3.0,1.0,2.0,2.0,1.0,0.0,3.0,3.0,,,,4.4,3.4,4.3,8.7,1.7,1.7,2.5,1.6,2.5,1.7,2.5,0.0,0.0,1.6,0.8,0.8,0.0,1.5,1.5,1.5,2.3,0.8,1.5,1.5,0.8,0.0,2.1,2.1,,,
178,Mckinney Police Dept,Mckinney,Texas,TX,3.0,1.0,3.0,2.0,1.0,0.0,3.0,0.0,1.0,2.0,2.0,1.0,0.0,0.0,1.0,1.0,1.0,2.0,1.0,4.0,1.0,2.0,1.0,3.0,0.0,1.0,1.0,0.0,,,,16.1,5.3,14.5,9.4,4.6,0.0,13.8,0.0,4.2,8.3,7.4,3.6,0.0,0.0,2.4,1.8,1.8,3.5,1.3,4.9,1.1,2.0,0.8,2.4,0.0,0.8,0.7,0.0,,,
179,Dayton,Dayton,Ohio,OH,30.0,51.0,35.0,44.0,53.0,47.0,54.0,57.0,49.0,57.0,39.0,38.0,34.0,21.0,27.0,32.0,32.0,42.0,30.0,32.0,32.0,39.0,28.0,35.0,40.0,34.0,33.0,24.0,28.0,27.0,,16.6,28.2,19.3,23.9,29.6,25.8,29.4,30.8,26.6,30.9,21.7,21.1,18.9,12.2,16.1,19.3,19.2,25.1,18.4,19.8,20.0,24.5,18.0,22.7,26.1,24.0,23.3,16.9,19.83,18.85,
180,Clarksville Police Dept,Clarksville,Tennessee,TN,4.0,6.0,3.0,4.0,4.0,5.0,11.0,7.0,1.0,8.0,11.0,8.0,7.0,10.0,7.0,3.0,6.0,8.0,2.0,5.0,6.0,6.0,9.0,6.0,16.0,9.0,8.0,10.0,6.0,10.0,,6.5,10.1,4.9,6.3,5.5,6.6,14.3,9.0,1.2,9.2,11.8,8.4,7.3,10.1,7.1,2.9,5.7,7.6,1.9,4.6,5.4,5.2,7.9,4.9,13.2,6.8,6.0,7.3,4.12,6.91,
181,Pasadena Police Dept,Pasadena,California,CA,29.0,13.0,14.0,22.0,18.0,13.0,15.0,18.0,27.0,16.0,12.0,14.0,12.0,10.0,2.0,4.0,4.0,3.0,4.0,9.0,6.0,11.0,11.0,3.0,5.0,3.0,7.0,5.0,3.0,10.0,,22.5,9.9,10.5,16.2,13.3,9.9,11.2,13.2,20.2,11.9,8.9,10.3,8.7,7.3,1.5,3.0,2.9,2.2,2.8,6.3,4.1,7.6,7.6,2.1,3.5,2.2,5.0,3.6,2.16,7.12,
182,Orange Police Dept,Orange,California,CA,5.0,3.0,4.0,3.0,6.0,5.0,5.0,9.0,3.0,8.0,6.0,1.0,12.0,1.0,1.0,2.0,0.0,1.0,1.0,1.0,2.0,1.0,1.0,1.0,2.0,3.0,3.0,4.0,4.0,0.0,,4.9,2.9,3.9,2.9,5.5,4.5,4.4,7.8,2.6,6.9,5.1,0.8,10.0,0.8,0.8,1.6,0.0,0.7,0.8,0.7,1.5,0.7,0.7,0.7,1.5,2.2,2.2,2.9,2.85,0.0,
183,Mcallen Police Dept,Mcallen,Texas,TX,6.0,8.0,3.0,3.0,2.0,3.0,3.0,4.0,8.0,7.0,5.0,5.0,4.0,7.0,5.0,2.0,3.0,4.0,6.0,4.0,8.0,4.0,6.0,9.0,4.0,5.0,4.0,1.0,,,,7.8,9.9,3.6,3.5,2.3,3.6,3.5,4.6,8.7,7.5,5.1,5.0,4.0,6.5,4.6,1.9,2.8,3.6,5.2,3.4,6.5,3.1,4.6,6.9,3.0,3.8,3.0,0.7,,,
184,Fullerton Police Dept,Fullerton,California,CA,5.0,3.0,2.0,6.0,8.0,6.0,3.0,4.0,2.0,6.0,6.0,5.0,2.0,2.0,4.0,3.0,3.0,1.0,5.0,1.0,0.0,2.0,5.0,2.0,2.0,3.0,2.0,0.0,0.0,0.0,,4.5,2.7,1.8,5.3,7.1,5.3,2.6,3.4,1.7,5.1,5.1,4.2,1.7,1.6,3.2,2.4,2.3,0.8,3.8,0.8,0.0,1.5,3.7,1.5,1.5,2.2,1.5,0.0,0.0,0.0,
185,Hampton Police Dept,Hampton,Virginia,VA,6.0,6.0,10.0,6.0,11.0,14.0,14.0,10.0,14.0,11.0,14.0,10.0,6.0,5.0,11.0,9.0,10.0,9.0,10.0,14.0,11.0,11.0,6.0,8.0,11.0,14.0,9.0,9.0,22.0,9.0,,4.7,4.6,7.8,4.6,8.3,10.5,10.3,7.3,10.1,7.8,9.9,7.0,4.2,3.6,7.9,6.1,6.7,6.0,6.8,9.4,7.4,7.5,4.2,5.5,7.5,10.2,6.5,6.5,16.06,6.59,
186,West Valley Police Dept,West Valley,Utah,UT,2.0,1.0,3.0,2.0,,2.0,4.0,6.0,4.0,6.0,,,9.0,4.0,4.0,14.0,8.0,3.0,8.0,3.0,10.0,3.0,6.0,2.0,4.0,6.0,4.0,1.0,4.0,,,2.3,1.1,3.3,2.2,,2.3,4.5,6.6,4.2,6.2,,,8.8,3.9,4.0,12.9,7.2,2.7,7.1,2.6,8.6,2.6,4.9,1.6,3.2,4.6,3.0,0.7,,,
187,Killeen Police Dept,Killeen,Texas,TX,12.0,3.0,5.0,8.0,5.0,11.0,30.0,11.0,6.0,13.0,3.0,2.0,4.0,10.0,2.0,9.0,8.0,3.0,6.0,5.0,8.0,8.0,12.0,10.0,5.0,11.0,15.0,12.0,6.0,10.0,,22.2,5.2,8.3,13.3,7.6,17.3,46.2,16.7,8.8,18.8,3.6,2.3,4.6,12.6,2.4,10.4,9.0,3.3,6.4,5.1,8.1,7.8,11.5,8.6,4.1,8.6,11.5,9.1,4.39,7.18,
188,Warren Police Dept,Warren,Michigan,MI,9.0,10.0,11.0,7.0,3.0,19.0,2.0,5.0,,3.0,0.0,,,2.0,4.0,3.0,5.0,5.0,3.0,6.0,5.0,5.0,7.0,5.0,5.0,6.0,6.0,0.0,3.0,4.0,,5.9,6.5,7.3,4.6,2.1,13.1,1.4,3.4,,2.1,0.0,,,1.4,2.8,2.2,3.6,3.6,2.2,4.4,3.7,3.7,5.2,3.7,3.7,4.5,4.5,0.0,2.24,2.96,
189,Columbia Police Dept,Columbia,South Carolina,SC,12.0,11.0,15.0,8.0,12.0,22.0,25.0,15.0,22.0,19.0,10.0,19.0,12.0,11.0,15.0,12.0,,11.0,15.0,18.0,15.0,7.0,15.0,13.0,13.0,16.0,10.0,8.0,8.0,8.0,,12.0,10.9,15.9,8.2,12.5,22.4,25.0,15.0,22.0,18.9,9.6,18.0,11.2,9.5,13.3,10.4,,9.2,12.7,15.2,12.7,5.9,12.4,10.4,10.2,12.4,7.6,6.1,6.05,5.96,
190,Frisco Police Dept,Frisco,Texas,TX,,,,0.0,0.0,0.0,0.0,0.0,0.0,0.0,0.0,0.0,0.0,0.0,0.0,,0.0,1.0,0.0,1.0,0.0,1.0,1.0,1.0,2.0,0.0,3.0,0.0,0.0,4.0,,,,,0.0,0.0,0.0,0.0,0.0,0.0,0.0,0.0,0.0,0.0,0.0,0.0,,0.0,2.8,0.0,1.8,0.0,1.4,1.1,1.0,1.8,0.0,2.5,0.0,0.0,2.82,
191,Olathe Police Dept,Olathe,Kansas,KS,2.0,1.0,0.0,2.0,1.0,2.0,0.0,2.0,,,,,,,,2.0,0.0,4.0,,0.0,1.0,3.0,2.0,2.0,0.0,4.0,6.0,0.0,2.0,0.0,,4.7,2.1,0.0,3.6,1.7,3.2,0.0,3.1,,,,,,,,2.2,0.0,4.3,,0.0,0.9,2.7,1.7,1.6,0.0,3.2,4.7,0.0,1.52,0.0,
192,New Haven Police Dept,New Haven,Connecticut,CT,12.0,17.0,23.0,26.0,34.0,31.0,34.0,30.0,22.0,32.0,21.0,22.0,21.0,15.0,12.0,18.0,19.0,9.0,,,,24.0,13.0,23.0,11.0,23.0,34.0,17.0,19.0,12.0,,9.6,13.5,18.5,20.7,27.4,23.8,26.0,23.0,17.8,25.8,17.6,18.4,17.6,12.0,9.7,14.6,15.3,7.2,,,,19.3,10.5,18.6,8.9,17.7,26.2,13.1,14.5,9.17,
193,Sterling Heights Police Dept,Sterling Heights,Michigan,MI,7.0,0.0,4.0,2.0,3.0,2.0,0.0,2.0,0.0,1.0,1.0,1.0,2.0,0.0,0.0,0.0,0.0,1.0,1.0,5.0,0.0,2.0,2.0,2.0,2.0,1.0,1.0,4.0,0.0,0.0,,6.4,0.0,3.6,1.7,2.6,1.7,0.0,1.7,0.0,0.8,0.8,0.8,1.6,0.0,0.0,0.0,0.0,0.8,0.8,3.9,0.0,1.6,1.6,1.6,1.6,0.8,0.8,3.1,0.0,0.0,
194,Miramar Police Dept,Miramar,Florida,FL,,,,,,,,,,,,,5.0,3.0,1.0,2.0,1.0,6.0,1.0,2.0,3.0,6.0,7.0,5.0,7.0,9.0,4.0,2.0,4.0,4.0,,,,,,,,,,,,,,9.9,5.7,1.7,2.7,1.3,7.9,1.1,2.0,2.9,5.5,6.1,4.5,6.5,7.4,3.2,1.6,3.06,3.02,
195,Topeka Police Dept,Topeka,Kansas,KS,6.0,12.0,4.0,7.0,11.0,11.0,16.0,8.0,,,9.0,17.0,8.0,16.0,15.0,18.0,22.0,8.0,16.0,8.0,7.0,9.0,12.0,10.0,10.0,12.0,15.0,15.0,11.0,6.0,,5.0,10.0,3.4,5.8,8.9,9.2,13.3,6.6,,,7.4,14.0,6.5,13.2,12.5,14.7,17.9,6.5,13.1,6.5,5.7,7.3,9.8,8.2,8.1,9.4,11.7,11.6,8.59,4.7,
196,Bellevue Police Dept,Bellevue,Washington,WA,4.0,0.0,1.0,1.0,1.0,3.0,2.0,1.0,2.0,5.0,0.0,3.0,9.0,1.0,0.0,0.0,0.0,0.0,0.0,0.0,2.0,3.0,0.0,0.0,2.0,0.0,1.0,2.0,1.0,2.0,,5.2,0.0,1.2,1.2,1.2,3.5,2.2,1.1,2.3,5.6,0.0,3.4,10.2,1.1,0.0,0.0,0.0,0.0,0.0,0.0,1.7,2.5,0.0,0.0,1.6,0.0,0.8,1.6,0.78,1.48,
197,Cedar Rapids Police Dept,Cedar Rapids,Iowa,IA,2.0,2.0,3.0,2.0,5.0,1.0,,,,,,0.0,,,4.0,1.0,3.0,2.0,4.0,0.0,1.0,6.0,4.0,3.0,1.0,2.0,2.0,3.0,4.0,8.0,,1.9,1.9,2.8,1.8,4.5,0.9,,,,,,0.0,,,3.5,0.8,2.5,1.7,3.3,0.0,0.8,4.8,3.2,2.4,0.8,1.6,1.6,2.3,3.11,6.21,
198,City Of Waco Police Dept,City Of Waco,Texas,TX,8.0,16.0,25.0,14.0,29.0,22.0,23.0,21.0,29.0,25.0,16.0,14.0,15.0,11.0,12.0,13.0,7.0,14.0,14.0,17.0,12.0,9.0,6.0,11.0,9.0,5.0,11.0,6.0,,,,7.5,14.7,23.6,13.2,27.8,21.2,21.7,19.5,27.3,23.1,14.8,12.7,13.4,9.9,10.9,11.4,6.0,11.8,11.9,14.3,10.0,7.3,4.9,8.9,7.2,4.0,8.6,4.7,,,
199,Thousand Oaks,Thousand Oaks,California,CA,1.0,1.0,2.0,,2.0,2.0,1.0,1.0,3.0,1.0,0.0,3.0,1.0,0.0,2.0,3.0,1.0,0.0,1.0,0.0,2.0,0.0,2.0,2.0,2.0,1.0,1.0,0.0,0.0,1.0,,1.0,1.0,2.0,,1.9,1.9,0.9,0.9,2.8,0.9,0.0,2.7,0.9,0.0,1.7,2.6,0.8,0.0,0.8,0.0,1.6,0.0,1.6,1.6,1.6,0.8,0.8,0.0,0.0,0.77,
200,Visalia Police Dept,Visalia,California,CA,6.0,5.0,4.0,3.0,7.0,7.0,6.0,4.0,3.0,11.0,5.0,7.0,7.0,6.0,7.0,5.0,4.0,12.0,9.0,6.0,10.0,8.0,12.0,10.0,9.0,6.0,8.0,5.0,8.0,10.0,,10.5,8.5,6.3,4.7,10.3,9.3,7.8,5.1,3.7,13.3,5.8,8.1,8.0,6.7,7.7,5.5,4.3,12.6,9.2,5.9,9.5,7.3,10.3,8.2,7.2,4.8,6.4,3.9,6.26,7.78,
201,Gainesville Police Dept,Gainesville,Florida,FL,,,,,,,,,,,,,4.0,1.0,6.0,6.0,4.0,7.0,5.0,5.0,5.0,7.0,5.0,3.0,3.0,4.0,6.0,6.0,6.0,2.0,,,,,,,,,,,,,,4.3,1.1,6.4,6.3,4.1,7.0,5.2,4.5,4.5,6.4,4.6,2.6,2.6,3.2,4.8,4.7,4.74,1.56,
202,Thornton Police Dept,Thornton,Colorado,CO,1.0,1.0,1.0,2.0,1.0,1.0,1.0,2.0,,3.0,1.0,2.0,10.0,5.0,2.0,2.0,1.0,1.0,5.0,4.0,1.0,4.0,2.0,4.0,1.0,5.0,0.0,1.0,5.0,6.0,,2.1,2.1,2.0,4.0,1.8,1.8,1.8,3.5,,4.8,1.5,3.0,14.9,7.1,2.6,2.4,1.2,1.2,5.3,4.1,1.0,3.7,1.8,3.5,0.9,4.2,0.0,0.8,3.98,4.64,
203,Elizabeth Police Dept,Elizabeth,New Jersey,NJ,11.0,15.0,10.0,12.0,15.0,11.0,11.0,13.0,17.0,11.0,18.0,13.0,7.0,8.0,9.0,11.0,5.0,13.0,14.0,10.0,17.0,17.0,16.0,13.0,5.0,13.0,17.0,14.0,7.0,13.0,,10.2,13.8,9.3,11.2,14.2,10.0,10.0,11.7,15.6,10.0,16.8,12.1,6.5,7.2,8.1,9.1,4.1,10.6,11.3,8.1,13.6,13.5,12.7,10.4,4.0,10.4,13.6,11.1,5.51,10.13,
204,Roseville Police Dept,Roseville,California,CA,1.0,0.0,3.0,2.0,0.0,1.0,2.0,1.0,1.0,3.0,1.0,0.0,1.0,0.0,0.0,1.0,1.0,0.0,4.0,2.0,0.0,3.0,1.0,0.0,2.0,1.0,1.0,2.0,1.0,1.0,,3.5,0.0,9.9,6.4,0.0,2.2,4.4,2.2,2.0,6.0,1.9,0.0,1.8,0.0,0.0,1.3,1.2,0.0,4.3,2.0,0.0,2.8,0.9,0.0,1.7,0.8,0.8,1.6,0.79,0.78,
205,Coral Springs Police Dept,Coral Springs,Florida,FL,,,,,,,,,,,,,2.0,3.0,1.0,3.0,2.0,2.0,2.0,0.0,0.0,2.0,3.0,4.0,2.0,1.0,1.0,1.0,0.0,1.0,,,,,,,,,,,,,,2.1,2.7,0.9,2.6,1.7,1.6,1.6,0.0,0.0,1.5,2.3,3.2,1.6,0.8,0.8,0.8,0.0,0.78,
206,Simi Valley Police Dept,Simi Valley,California,CA,3.0,4.0,3.0,2.0,3.0,1.0,6.0,2.0,0.0,1.0,4.0,1.0,5.0,2.0,0.0,1.0,6.0,0.0,2.0,3.0,0.0,3.0,2.0,4.0,2.0,1.0,0.0,3.0,3.0,0.0,,3.4,4.5,3.3,2.1,3.0,1.0,5.9,1.9,0.0,0.9,3.7,0.9,4.6,1.8,0.0,0.9,5.3,0.0,1.7,2.5,0.0,2.5,1.6,3.3,1.6,0.8,0.0,2.4,2.38,0.0,
207,Carrollton Police Dept,Carrollton,Texas,TX,1.0,4.0,3.0,4.0,2.0,1.0,5.0,1.0,4.0,6.0,2.0,1.0,3.0,2.0,0.0,0.0,2.0,1.0,2.0,2.0,5.0,5.0,5.0,4.0,4.0,4.0,3.0,2.0,1.0,1.0,,1.9,7.3,4.8,6.1,2.9,1.2,6.0,1.2,4.4,6.5,2.1,1.0,3.0,2.0,0.0,0.0,1.8,0.9,1.7,1.7,4.2,4.1,4.1,3.2,3.1,3.4,2.5,1.6,0.79,0.78,
208,Stamford Police Dept,Stamford,Connecticut,CT,5.0,6.0,4.0,6.0,9.0,10.0,10.0,7.0,8.0,6.0,4.0,6.0,1.0,3.0,3.0,1.0,1.0,2.0,2.0,3.0,4.0,3.0,3.0,5.0,2.0,2.0,6.0,5.0,1.0,2.0,,4.9,5.8,3.9,5.9,9.0,9.3,9.2,6.5,7.4,5.6,3.7,5.6,0.9,2.7,2.7,0.9,0.8,1.7,1.7,2.5,3.3,2.5,2.5,4.2,1.7,1.6,4.9,4.0,0.79,1.57,
209,Concord Police Dept,Concord,California,CA,3.0,6.0,3.0,5.0,3.0,3.0,3.0,5.0,5.0,4.0,4.0,4.0,0.0,4.0,2.0,4.0,0.0,3.0,4.0,5.0,1.0,2.0,3.0,6.0,2.0,4.0,7.0,0.0,1.0,3.0,,2.8,5.5,2.8,4.5,2.7,2.7,2.6,4.3,4.4,3.5,3.6,3.5,0.0,3.4,1.7,3.3,0.0,2.4,3.2,4.0,0.8,1.6,2.5,5.0,1.7,3.3,5.7,0.0,0.8,2.37,
210,Hartford Police Dept,Hartford,Connecticut,CT,12.0,28.0,24.0,37.0,30.0,19.0,24.0,13.0,30.0,55.0,33.0,20.0,21.0,25.0,21.0,17.0,25.0,25.0,44.0,16.0,25.0,24.0,31.0,31.0,33.0,26.0,27.0,23.0,23.0,19.0,,8.8,20.4,17.3,26.2,22.8,13.6,17.2,9.3,22.7,41.7,26.6,16.1,16.9,18.8,15.9,14.0,20.4,20.2,35.1,12.8,20.0,19.3,24.9,24.9,26.6,20.8,21.6,18.4,18.41,15.21,
211,Lafayette Police Dept,Lafayette,Louisiana,LA,3.0,12.0,9.0,9.0,7.0,5.0,8.0,17.0,18.0,6.0,8.0,8.0,15.0,9.0,7.0,3.0,5.0,3.0,7.0,6.0,8.0,10.0,15.0,10.0,7.0,12.0,6.0,11.0,8.0,7.0,,3.4,14.4,10.1,10.4,8.2,5.3,8.4,17.7,18.4,6.1,7.8,7.8,14.5,8.4,6.2,2.7,4.5,2.7,6.3,5.3,7.1,9.4,13.1,8.8,6.1,9.9,4.9,9.0,6.48,5.59,
212,Denton Police Dept,Denton,Texas,TX,1.0,6.0,0.0,4.0,3.0,1.0,6.0,3.0,5.0,1.0,1.0,3.0,0.0,1.0,2.0,2.0,2.0,2.0,3.0,6.0,5.0,0.0,2.0,0.0,2.0,3.0,2.0,1.0,1.0,2.0,,1.9,12.5,0.0,6.6,5.2,1.5,8.9,4.4,7.2,1.4,1.4,4.2,0.0,1.3,2.6,2.5,2.4,2.4,3.3,6.3,5.0,0.0,1.8,0.0,1.6,2.6,1.7,0.8,0.81,1.6,
213,Surprise Police Dept,Surprise,Arizona,AZ,0.0,0.0,0.0,1.0,,0.0,0.0,1.0,1.0,0.0,0.0,0.0,0.0,,1.0,1.0,1.0,1.0,,0.0,1.0,0.0,6.0,0.0,1.0,0.0,0.0,3.0,0.0,4.0,,0.0,0.0,0.0,23.1,,0.0,0.0,13.4,12.6,0.0,0.0,0.0,0.0,,6.6,3.2,3.1,3.0,,0.0,1.6,0.0,6.1,0.0,1.0,0.0,0.0,2.5,0.0,3.2,
214,Charleston City Police Dept,Charleston City,South Carolina,SC,7.0,10.0,7.0,9.0,6.0,7.0,16.0,7.0,12.0,15.0,12.0,9.0,10.0,7.0,2.0,8.0,,14.0,18.0,9.0,10.0,23.0,15.0,14.0,9.0,10.0,11.0,12.0,,,,9.5,14.6,10.0,12.5,7.3,8.7,19.5,8.4,14.6,18.1,15.6,11.6,12.7,9.6,2.3,8.3,,14.1,18.0,8.8,9.4,21.2,13.7,12.5,7.9,8.3,9.1,9.7,,,
215,Victorville,Victorville,California,CA,2.0,3.0,3.0,5.0,5.0,2.0,10.0,9.0,3.0,3.0,8.0,6.0,7.0,5.0,4.0,5.0,2.0,6.0,3.0,4.0,12.0,8.0,9.0,4.0,10.0,6.0,6.0,6.0,9.0,3.0,,11.3,14.6,12.8,20.3,17.2,4.9,24.1,21.3,6.2,6.1,15.9,11.8,13.6,7.3,5.7,7.8,3.1,9.0,4.2,5.3,14.4,8.7,8.6,3.5,8.5,5.2,5.1,5.1,7.4,2.45,
216,Abilene Police Dept,Abilene,Texas,TX,8.0,12.0,5.0,4.0,7.0,7.0,15.0,4.0,8.0,6.0,5.0,7.0,2.0,5.0,12.0,1.0,2.0,4.0,6.0,6.0,5.0,5.0,9.0,7.0,7.0,4.0,5.0,3.0,1.0,7.0,,7.2,10.6,4.4,3.6,6.4,6.6,13.8,3.6,7.3,5.3,4.5,6.1,1.7,4.5,10.9,0.9,1.7,3.3,5.1,5.1,4.3,4.2,7.9,6.0,6.0,3.4,4.2,2.5,0.84,5.8,
217,Santa Clara Police Dept,Santa Clara,California,CA,4.0,3.0,3.0,5.0,6.0,9.0,3.0,4.0,3.0,2.0,3.0,0.0,1.0,1.0,2.0,0.0,0.0,4.0,7.0,2.0,5.0,3.0,3.0,4.0,6.0,2.0,2.0,0.0,0.0,0.0,,4.2,3.2,3.3,5.5,6.5,9.6,3.1,4.1,3.2,2.1,3.2,0.0,1.0,1.0,2.0,0.0,0.0,3.8,6.8,1.9,4.8,2.8,2.7,3.6,5.4,1.7,1.7,0.0,0.0,0.0,
218,Evansville Police Dept,Evansville,Indiana,IN,9.0,4.0,4.0,7.0,6.0,6.0,12.0,8.0,7.0,8.0,5.0,7.0,7.0,8.0,5.0,9.0,8.0,2.0,12.0,0.0,8.0,6.0,2.0,5.0,3.0,5.0,3.0,8.0,5.0,9.0,,6.9,3.1,3.1,5.4,4.6,4.8,9.4,6.2,5.4,6.2,3.8,5.3,5.3,6.5,4.0,7.4,6.5,1.6,10.0,0.0,6.8,5.1,1.7,4.3,2.6,4.3,2.5,6.8,4.16,7.48,
219,Midland Police Dept,Midland,Texas,TX,7.0,1.0,10.0,5.0,7.0,7.0,8.0,3.0,6.0,7.0,8.0,4.0,5.0,2.0,1.0,5.0,2.0,2.0,2.0,,1.0,5.0,4.0,4.0,3.0,2.0,4.0,4.0,5.0,7.0,,7.8,1.0,10.1,5.3,7.2,7.8,8.8,3.2,6.2,7.1,8.2,4.0,4.9,2.0,1.0,5.3,2.1,2.0,2.1,,1.0,4.9,3.9,3.8,2.8,1.8,3.5,3.5,4.09,5.5,
220,Beaumont Police Dept,Beaumont,Texas,TX,11.0,14.0,18.0,11.0,22.0,19.0,15.0,23.0,23.0,25.0,14.0,15.0,11.0,9.0,12.0,12.0,10.0,7.0,6.0,8.0,11.0,10.0,15.0,7.0,5.0,10.0,13.0,13.0,16.0,16.0,,8.7,10.9,14.9,9.4,19.1,16.6,12.8,19.4,19.5,20.8,11.9,12.5,9.0,8.0,10.8,10.5,8.6,5.9,5.2,7.0,9.6,8.7,13.7,6.4,4.5,8.5,10.8,10.8,13.54,13.57,
221,Allentown City Police Dept,Allentown City,Pennsylvania,PA,4.0,10.0,7.0,11.0,3.0,2.0,7.0,11.0,6.0,11.0,7.0,6.0,7.0,15.0,11.0,9.0,8.0,9.0,12.0,11.0,21.0,16.0,20.0,16.0,13.0,9.0,10.0,15.0,,,,3.9,9.6,6.7,10.4,2.8,1.9,6.6,10.4,5.6,10.3,6.6,5.7,6.7,14.7,10.9,8.4,7.5,8.4,11.3,10.3,19.6,14.9,18.6,14.9,12.1,7.6,8.4,12.6,,,
222,Athens-Clarke County Police Department,Athens-Clarke County,Georgia,GA,,,,,,,,,,,,,7.0,4.0,,,,,,,,,,,10.0,5.0,6.0,5.0,2.0,4.0,,,,,,,,,,,,,,7.4,4.4,,,,,,,,,,,8.7,4.3,5.1,4.3,1.66,3.29,
223,Amherst Town Police Dept,Amherst Town,New York,NY,1.0,0.0,0.0,0.0,1.0,1.0,1.0,6.0,1.0,1.0,1.0,0.0,0.0,2.0,0.0,0.0,0.0,0.0,1.0,0.0,1.0,2.0,2.0,0.0,1.0,2.0,0.0,0.0,1.0,1.0,,0.9,0.0,0.0,0.0,0.9,0.9,0.9,5.6,0.9,0.9,0.9,0.0,0.0,1.9,0.0,0.0,0.0,0.0,0.9,0.0,0.9,1.8,1.8,0.0,0.9,1.7,0.0,0.0,0.85,0.84,
224,Vallejo Police Dept,Vallejo,California,CA,6.0,6.0,15.0,13.0,16.0,8.0,13.0,13.0,10.0,30.0,13.0,15.0,3.0,6.0,6.0,12.0,4.0,7.0,6.0,,,6.0,15.0,13.0,10.0,17.0,18.0,14.0,25.0,18.0,,6.5,6.4,15.7,13.2,15.5,7.3,11.7,11.5,8.7,25.9,11.6,13.3,2.6,5.3,5.3,10.3,3.4,5.8,5.0,,,5.1,12.8,11.3,8.7,14.7,15.3,11.9,21.13,15.06,
225,Independence Police Dept,Independence,Missouri,MO,1.0,4.0,3.0,4.0,4.0,1.0,5.0,1.0,4.0,6.0,2.0,1.0,6.0,5.0,6.0,2.0,6.0,6.0,2.0,1.0,6.0,2.0,7.0,9.0,3.0,8.0,2.0,5.0,7.0,3.0,,0.9,3.5,2.6,3.5,3.5,0.9,4.4,0.9,3.5,5.2,1.8,0.9,5.2,4.5,5.1,1.8,5.3,5.2,1.8,0.9,5.4,1.8,6.4,8.2,2.5,6.8,1.7,4.3,5.96,2.56,
226,Springfield Police Dept,Springfield,Illinois,IL,13.0,9.0,10.0,7.0,2.0,12.0,10.0,11.0,,18.0,11.0,7.0,12.0,13.0,10.0,6.0,14.0,5.0,7.0,10.0,5.0,6.0,8.0,4.0,12.0,7.0,8.0,10.0,4.0,4.0,,12.8,8.8,9.9,7.0,2.0,11.4,9.4,10.3,,16.7,10.3,6.6,11.2,11.4,8.5,5.4,12.5,4.4,6.2,8.8,4.3,5.2,6.8,3.4,10.2,6.0,6.9,8.5,3.41,3.41,
227,Kent Police Dept,Kent,Washington,WA,1.0,3.0,0.0,2.0,1.0,4.0,3.0,2.0,5.0,3.0,1.0,2.0,3.0,3.0,1.0,2.0,2.0,4.0,12.0,5.0,3.0,2.0,4.0,2.0,1.0,2.0,1.0,2.0,2.0,3.0,,4.1,11.2,0.0,6.7,3.1,10.5,7.7,5.0,12.0,7.1,2.4,4.7,6.9,6.8,2.2,2.5,2.5,4.9,14.5,6.1,3.6,2.4,4.8,2.4,1.2,2.2,1.1,1.6,1.61,2.38,
228,Peoria Police Dept,Peoria,Illinois,IL,4.0,4.0,7.0,2.0,23.0,4.0,18.0,13.0,,11.0,,11.0,9.0,5.0,12.0,9.0,14.0,9.0,7.0,14.0,14.0,17.0,16.0,6.0,16.0,23.0,16.0,10.0,16.0,7.0,,3.4,3.4,6.3,1.8,20.9,3.5,15.7,11.3,,9.5,,9.7,7.9,4.4,10.7,8.0,12.3,7.9,6.2,12.3,12.4,15.0,14.1,5.3,14.0,20.0,13.9,8.7,13.8,5.99,
229,Provo Police Dept,Provo,Utah,UT,1.0,1.0,1.0,0.0,0.0,1.0,0.0,1.0,1.0,1.0,1.0,2.0,0.0,3.0,0.0,0.0,0.0,0.0,0.0,0.0,3.0,2.0,0.0,0.0,1.0,2.0,4.0,0.0,1.0,,,1.2,1.3,1.3,0.0,0.0,1.2,0.0,1.1,1.1,1.0,1.1,2.2,0.0,2.9,0.0,0.0,0.0,0.0,0.0,0.0,2.9,1.7,0.0,0.0,0.8,1.8,3.5,0.0,,,
230,Berkeley Police Dept,Berkeley,California,CA,11.0,13.0,11.0,14.0,11.0,11.0,14.0,12.0,8.0,8.0,10.0,8.0,11.0,2.0,3.0,4.0,1.0,7.0,6.0,4.0,3.0,4.0,5.0,8.0,6.0,5.0,1.0,5.0,4.0,3.0,,10.3,11.9,10.3,13.1,10.3,10.7,13.4,11.3,7.8,7.8,10.0,7.9,10.7,1.9,2.7,3.9,1.0,6.6,5.7,3.9,2.9,3.9,4.9,7.9,5.9,4.4,0.9,4.3,3.44,2.55,
231,Ann Arbor Police Dept,Ann Arbor,Michigan,MI,4.0,3.0,4.0,0.0,3.0,1.0,2.0,1.0,2.0,4.0,3.0,1.0,0.0,2.0,3.0,0.0,1.0,5.0,1.0,2.0,0.0,0.0,0.0,0.0,1.0,0.0,0.0,1.0,3.0,0.0,,3.7,2.8,3.7,0.0,2.8,0.9,1.8,0.9,1.8,3.6,2.7,0.9,0.0,1.8,2.7,0.0,0.9,4.3,0.9,1.7,0.0,0.0,0.0,0.0,0.9,0.0,0.0,0.9,2.57,0.0,
232,Norman Police Dept,Norman,Oklahoma,OK,1.0,2.0,3.0,6.0,0.0,2.0,5.0,1.0,2.0,7.0,2.0,3.0,4.0,0.0,0.0,0.0,2.0,1.0,4.0,2.0,0.0,5.0,4.0,2.0,0.0,2.0,2.0,1.0,4.0,3.0,,1.3,2.6,3.9,7.6,0.0,2.5,6.2,1.2,2.4,8.2,2.3,3.4,4.5,0.0,0.0,0.0,2.1,1.0,4.1,2.0,0.0,4.9,3.9,1.9,0.0,1.8,1.8,0.9,3.42,2.5,
233,Lansing City Police Dept,Lansing City,Michigan,MI,6.0,6.0,8.0,11.0,16.0,11.0,12.0,7.0,14.0,10.0,13.0,10.0,16.0,11.0,10.0,14.0,8.0,11.0,8.0,9.0,8.0,6.0,16.0,12.0,13.0,10.0,8.0,13.0,,,,4.7,4.7,6.2,8.4,12.8,8.6,9.4,5.4,11.0,7.8,10.8,8.3,13.0,8.7,7.8,11.8,6.7,9.1,6.7,7.6,6.8,5.2,14.1,10.5,11.5,8.7,7.0,11.3,,,
234,El Monte Police Dept,El Monte,California,CA,8.0,15.0,12.0,8.0,10.0,9.0,13.0,17.0,19.0,16.0,30.0,9.0,7.0,11.0,8.0,6.0,10.0,7.0,3.0,7.0,4.0,5.0,6.0,12.0,3.0,3.0,1.0,4.0,3.0,2.0,,8.8,15.9,12.1,7.9,10.2,8.5,12.0,15.4,17.6,14.7,28.5,8.5,6.5,9.8,7.1,5.2,8.5,5.8,2.5,5.7,3.3,4.0,4.8,9.8,2.5,2.6,0.9,3.5,2.6,1.72,
235,Murfreesboro Police Dept,Murfreesboro,Tennessee,TN,1.0,3.0,2.0,0.0,3.0,4.0,2.0,3.0,3.0,,,,,1.0,1.0,1.0,0.0,0.0,2.0,2.0,2.0,6.0,4.0,6.0,5.0,5.0,3.0,3.0,4.0,7.0,,2.8,8.0,4.8,0.0,6.5,8.9,4.4,6.5,5.9,,,,,1.8,1.7,1.5,0.0,0.0,2.7,2.5,2.4,6.8,4.2,5.9,4.7,4.6,2.7,2.7,3.46,5.88,
236,Columbia Police Dept,Columbia,Missouri,MO,1.0,1.0,4.0,2.0,3.0,1.0,5.0,3.0,1.0,9.0,2.0,3.0,4.0,6.0,2.0,9.0,4.0,2.0,2.0,1.0,7.0,2.0,3.0,5.0,3.0,3.0,2.0,3.0,5.0,5.0,,1.6,1.6,6.3,3.1,4.6,1.4,7.2,4.3,1.4,12.1,2.7,4.0,5.3,7.6,2.5,10.6,4.7,2.3,2.3,1.1,7.8,2.2,3.1,4.9,2.9,2.8,1.8,2.7,4.36,4.28,
237,Downey Police Dept,Downey,California,CA,2.0,7.0,5.0,5.0,4.0,1.0,8.0,5.0,3.0,9.0,7.0,7.0,7.0,6.0,9.0,4.0,5.0,1.0,7.0,0.0,7.0,4.0,3.0,3.0,4.0,6.0,2.0,6.0,7.0,3.0,,2.3,7.9,5.7,5.6,4.5,1.1,8.6,5.3,3.1,9.3,7.0,6.9,6.8,6.3,9.5,3.7,4.6,0.9,6.3,0.0,6.3,3.6,2.7,2.8,3.7,5.4,1.8,5.3,6.18,2.64,
238,Fargo Police Dept,Fargo,North Dakota,ND,2.0,0.0,0.0,1.0,0.0,0.0,,2.0,0.0,0.0,0.0,1.0,3.0,0.0,1.0,1.0,0.0,0.0,0.0,1.0,2.0,2.0,3.0,0.0,2.0,0.0,1.0,2.0,3.0,4.0,,3.1,0.0,0.0,1.5,0.0,0.0,,2.7,0.0,0.0,0.0,1.2,3.8,0.0,1.2,1.1,0.0,0.0,0.0,1.1,2.2,2.2,3.3,0.0,2.1,0.0,0.9,1.8,2.7,3.46,
239,Costa Mesa Police Dept,Costa Mesa,California,CA,1.0,3.0,1.0,4.0,2.0,6.0,2.0,8.0,5.0,6.0,2.0,1.0,3.0,1.0,4.0,2.0,4.0,2.0,1.0,3.0,3.0,6.0,0.0,1.0,1.0,1.0,4.0,4.0,1.0,0.0,,1.1,3.3,1.1,4.3,2.1,6.2,2.0,8.0,5.1,6.1,2.0,1.0,3.0,1.0,3.9,1.8,3.6,1.8,0.9,2.7,2.7,5.4,0.0,0.9,0.9,0.9,3.6,3.6,0.89,0.0,
240,Arvada Police Dept,Arvada,Colorado,CO,2.0,2.0,2.0,3.0,1.0,1.0,0.0,,1.0,6.0,1.0,1.0,,2.0,0.0,0.0,1.0,2.0,3.0,0.0,2.0,0.0,5.0,1.0,2.0,1.0,1.0,0.0,0.0,1.0,,2.1,2.2,2.2,3.2,1.1,1.1,0.0,,1.0,6.1,1.0,1.0,,2.0,0.0,0.0,1.0,1.9,2.9,0.0,1.9,0.0,4.8,0.9,1.9,0.9,0.9,0.0,0.0,0.89,
241,Inglewood Police Dept,Inglewood,California,CA,27.0,32.0,30.0,30.0,45.0,55.0,46.0,37.0,45.0,46.0,40.0,27.0,25.0,35.0,16.0,23.0,38.0,28.0,32.0,26.0,26.0,36.0,19.0,13.0,27.0,20.0,13.0,14.0,14.0,20.0,,26.5,30.7,28.5,28.0,42.2,50.2,41.1,32.5,40.0,40.6,36.2,24.2,22.1,30.9,14.1,20.4,33.1,24.0,27.5,22.3,22.4,31.2,16.5,11.5,24.0,18.2,11.7,12.6,12.54,17.86,
242,Rochester Police Dept,Rochester,Minnesota,MN,1.0,0.0,0.0,1.0,0.0,0.0,0.0,2.0,3.0,0.0,1.0,5.0,2.0,1.0,1.0,2.0,3.0,1.0,0.0,0.0,0.0,2.0,2.0,4.0,1.0,1.0,1.0,2.0,0.0,2.0,,1.7,0.0,0.0,1.7,0.0,0.0,0.0,2.8,4.0,0.0,1.3,6.5,2.6,1.3,1.3,2.3,3.5,1.1,0.0,0.0,0.0,2.1,2.0,4.0,1.0,0.9,0.9,1.8,0.0,1.79,
243,Manchester Police Dept,Manchester,New Hampshire,NH,3.0,2.0,4.0,6.0,5.0,2.0,6.0,1.0,5.0,2.0,3.0,1.0,0.0,1.0,2.0,2.0,0.0,0.0,4.0,5.0,4.0,4.0,4.0,2.0,2.0,1.0,2.0,1.0,4.0,3.0,,3.1,2.0,4.0,5.8,5.0,2.0,6.0,1.0,5.1,2.0,3.1,1.0,0.0,1.0,1.9,1.9,0.0,0.0,3.7,4.6,3.6,3.6,3.6,1.8,1.8,0.9,1.8,0.9,3.62,2.71,
244,Wilmington Police Dept,Wilmington,North Carolina,NC,6.0,11.0,7.0,5.0,4.0,5.0,6.0,12.0,7.0,2.0,7.0,4.0,12.0,9.0,11.0,8.0,10.0,10.0,5.0,8.0,8.0,7.0,10.0,12.0,4.0,5.0,10.0,8.0,7.0,18.0,,12.9,23.9,12.7,8.9,7.1,9.0,10.6,20.9,11.6,3.3,11.0,6.2,18.2,13.9,15.9,10.5,13.0,12.8,5.5,8.6,8.4,7.2,10.3,11.9,3.9,4.7,9.3,7.3,6.31,15.87,
245,Waterbury Police Dept,Waterbury,Connecticut,CT,5.0,7.0,7.0,11.0,6.0,5.0,9.0,12.0,20.0,8.0,9.0,13.0,8.0,7.0,3.0,12.0,7.0,4.0,5.0,3.0,6.0,7.0,3.0,5.0,6.0,5.0,7.0,5.0,5.0,7.0,,4.8,6.7,6.8,10.5,5.7,4.6,8.3,11.0,18.7,7.5,8.7,12.6,7.7,6.6,2.8,11.2,6.5,3.7,4.6,2.8,5.5,6.5,2.8,4.7,5.6,4.5,6.3,4.5,4.56,6.39,
246,Westminster Police Dept,Westminster,Colorado,CO,1.0,6.0,1.0,3.0,0.0,1.0,1.0,2.0,2.0,2.0,,,,1.0,4.0,,,,0.0,5.0,2.0,5.0,0.0,2.0,2.0,1.0,4.0,2.0,2.0,4.0,,1.7,9.7,1.5,4.5,0.0,1.3,1.3,2.5,2.4,2.3,,,,1.0,4.1,,,,0.0,4.8,1.9,4.7,0.0,1.9,1.9,0.9,3.7,1.8,1.82,3.57,
247,Elgin Police Dept,Elgin,Illinois,IL,1.0,5.0,7.0,8.0,4.0,3.0,6.0,4.0,8.0,5.0,,,,,,,,,,,,2.0,2.0,2.0,3.0,4.0,5.0,2.0,3.0,3.0,,1.5,7.4,9.7,10.7,5.7,3.9,7.7,5.1,9.8,6.1,,,,,,,,,,,,2.0,1.9,1.9,2.8,3.7,4.6,1.8,2.72,2.71,
248,Ventura Police Dept,Ventura,California,CA,1.0,6.0,2.0,3.0,2.0,1.0,6.0,4.0,9.0,5.0,1.0,6.0,4.0,5.0,3.0,3.0,2.0,2.0,3.0,3.0,1.0,1.0,1.0,2.0,5.0,3.0,1.0,1.0,6.0,1.0,,1.2,6.6,2.3,3.3,2.2,1.1,6.4,4.2,9.4,5.2,1.0,6.1,4.0,4.9,3.0,3.0,1.9,1.9,2.9,2.8,1.0,1.0,1.0,1.9,4.8,2.8,0.9,0.9,5.55,0.92,
249,Gresham Police Dept,Gresham,Oregon,OR,0.0,1.0,1.0,3.0,0.0,2.0,1.0,0.0,1.0,8.0,4.0,1.0,2.0,0.0,2.0,3.0,3.0,3.0,0.0,2.0,3.0,6.0,1.0,6.0,0.0,7.0,1.0,4.0,5.0,2.0,,0.0,2.7,2.5,7.7,0.0,2.9,1.4,0.0,1.3,10.4,5.0,1.2,2.4,0.0,2.3,3.3,3.3,3.2,0.0,2.1,3.1,6.1,1.0,5.9,0.0,6.6,0.9,3.7,4.55,1.81,
250,Clearwater Police Dept,Clearwater,Florida,FL,,,,,,,,,,,,,2.0,1.0,4.0,6.0,4.0,7.0,4.0,7.0,9.0,4.0,10.0,11.0,3.0,5.0,10.0,3.0,4.0,7.0,,,,,,,,,,,,,,1.9,1.0,3.9,5.5,3.6,6.2,3.6,6.3,8.1,3.6,9.3,10.5,2.8,4.6,9.2,2.7,3.67,6.36,
251,Lowell Police Dept,Lowell,Massachusetts,MA,,,6.0,,,,,,6.0,9.0,8.0,5.0,7.0,4.0,3.0,6.0,4.0,7.0,2.0,5.0,2.0,13.0,3.0,7.0,5.0,3.0,3.0,0.0,4.0,6.0,,,,6.4,,,,,,6.0,8.9,8.3,5.2,7.2,3.9,3.0,5.7,3.8,6.6,1.9,4.8,1.9,12.5,2.9,6.4,4.5,2.8,2.8,0.0,3.65,5.47,
252,Pueblo Police Dept,Pueblo,Colorado,CO,5.0,3.0,7.0,3.0,6.0,6.0,13.0,9.0,9.0,8.0,8.0,12.0,6.0,11.0,6.0,6.0,5.0,6.0,6.0,7.0,13.0,6.0,6.0,,5.0,1.0,12.0,8.0,2.0,10.0,,4.9,2.9,6.9,3.0,5.9,6.1,13.0,9.0,8.9,7.7,7.8,11.4,5.6,10.7,5.5,5.9,4.8,5.6,5.7,6.7,12.4,5.7,5.8,,4.7,0.9,11.1,7.3,1.85,9.21,
253,Cambridge Police Dept,Cambridge,Massachusetts,MA,0.0,4.0,2.0,,6.0,3.0,5.0,2.0,2.0,1.0,3.0,1.0,2.0,2.0,2.0,1.0,1.0,6.0,3.0,0.0,3.0,2.0,0.0,2.0,2.0,0.0,5.0,1.0,2.0,1.0,,0.0,4.3,2.2,,6.6,3.1,5.2,2.1,2.1,1.1,3.0,1.0,2.0,2.1,2.1,1.0,1.0,5.8,2.9,0.0,3.0,2.0,0.0,2.0,1.9,0.0,4.7,0.9,1.86,0.92,
254,City Of Murrieta Police Dept,City Of Murrieta,California,CA,,,,,,,,,1.0,1.0,0.0,1.0,0.0,0.0,0.0,0.0,1.0,0.0,0.0,1.0,1.0,2.0,3.0,1.0,0.0,1.0,2.0,1.0,,,,,,,,,,,,60.8,60.4,0.0,3.0,0.0,0.0,0.0,0.0,2.2,0.0,0.0,1.5,1.3,2.4,3.1,0.9,0.0,1.0,1.9,0.9,,,
255,West Covina Police Dept,West Covina,California,CA,6.0,5.0,3.0,2.0,5.0,8.0,11.0,4.0,5.0,6.0,10.0,6.0,8.0,5.0,3.0,2.0,2.0,2.0,5.0,5.0,6.0,2.0,2.0,3.0,8.0,0.0,1.0,2.0,1.0,1.0,,6.5,5.3,3.0,2.0,5.1,8.3,11.2,4.0,5.0,6.0,9.6,5.7,7.5,4.8,3.0,1.9,1.9,1.8,4.6,4.6,5.5,1.8,1.9,2.8,7.6,0.0,0.9,1.9,0.93,0.93,
256,Fairfield Police Dept,Fairfield,California,CA,3.0,1.0,2.0,3.0,3.0,2.0,8.0,3.0,10.0,6.0,4.0,3.0,3.0,3.0,4.0,3.0,3.0,6.0,12.0,3.0,9.0,6.0,7.0,5.0,6.0,8.0,5.0,8.0,3.0,6.0,,4.5,1.5,2.8,4.1,4.0,2.6,10.1,3.7,12.0,7.2,4.8,3.5,3.5,3.4,4.4,3.1,3.1,6.0,11.7,2.9,8.6,5.7,6.6,4.8,5.7,7.6,4.7,7.5,2.77,5.44,
257,Billings Police Dept,Billings,Montana,MT,4.0,4.0,4.0,4.0,4.0,7.0,3.0,2.0,,,,,4.0,1.0,1.0,2.0,9.0,0.0,3.0,5.0,5.0,2.0,1.0,2.0,2.0,2.0,2.0,3.0,4.0,10.0,,5.7,5.8,5.0,5.1,5.1,8.6,3.7,2.4,,,,,4.5,1.1,1.1,2.2,10.0,0.0,3.2,5.2,5.1,2.0,1.0,1.9,1.9,1.9,1.9,2.8,3.71,9.07,
258,Temecula,Temecula,California,CA,,,,,,,0.0,0.0,3.0,0.0,0.0,0.0,0.0,1.0,0.0,0.0,1.0,0.0,1.0,0.0,4.0,0.0,5.0,3.0,1.0,2.0,0.0,0.0,3.0,2.0,,,,,,,,0.0,0.0,8.9,0.0,0.0,0.0,0.0,2.5,0.0,0.0,1.7,0.0,1.3,0.0,4.8,0.0,5.3,3.0,1.0,2.0,0.0,0.0,2.81,1.85,
259,High Point Police Dept,High Point,North Carolina,NC,6.0,10.0,4.0,7.0,8.0,6.0,11.0,10.0,12.0,14.0,11.0,12.0,12.0,13.0,4.0,9.0,11.0,5.0,8.0,10.0,8.0,8.0,13.0,11.0,3.0,2.0,3.0,5.0,2.0,4.0,,9.1,14.6,5.9,10.2,11.7,8.6,15.6,13.9,16.7,19.1,15.0,16.0,15.8,17.0,5.2,10.5,12.6,5.6,8.7,10.8,8.5,8.2,13.1,10.8,2.9,1.9,2.8,4.7,1.86,3.69,
260,Odessa Police Dept,Odessa,Texas,TX,11.0,14.0,10.0,9.0,9.0,11.0,17.0,9.0,9.0,9.0,4.0,14.0,5.0,3.0,4.0,2.0,4.0,3.0,3.0,2.0,3.0,2.0,6.0,7.0,5.0,3.0,6.0,5.0,2.0,11.0,,9.9,12.3,9.8,9.3,9.4,12.3,18.6,9.7,9.4,9.2,4.1,14.2,5.0,3.2,4.3,2.2,4.3,3.2,3.2,2.2,3.2,2.1,6.3,7.2,5.0,3.0,5.9,4.8,1.85,9.68,
261,Round Rock Police Dept,Round Rock,Texas,TX,1.0,1.0,0.0,0.0,2.0,0.0,0.0,0.0,1.0,4.0,0.0,0.0,2.0,0.0,0.0,0.0,1.0,0.0,,0.0,0.0,0.0,1.0,0.0,1.0,0.0,2.0,0.0,2.0,0.0,,5.9,5.4,0.0,0.0,7.9,0.0,0.0,0.0,2.8,11.0,0.0,0.0,4.6,0.0,0.0,0.0,1.6,0.0,,0.0,0.0,0.0,1.0,0.0,0.9,0.0,2.0,0.0,1.84,0.0,
262,Richmond Police Dept,Richmond,California,CA,19.0,21.0,16.0,31.0,38.0,36.0,61.0,46.0,52.0,52.0,26.0,34.0,30.0,18.0,31.0,29.0,18.0,29.0,38.0,35.0,40.0,42.0,47.0,27.0,47.0,21.0,26.0,18.0,16.0,11.0,,23.4,26.2,20.0,38.1,45.6,41.2,68.4,50.7,57.1,56.7,29.4,38.1,33.2,19.2,32.7,29.2,17.8,28.2,36.7,33.8,38.8,40.7,45.9,26.6,45.8,20.3,24.8,16.9,14.91,10.14,
263,Wichita Falls Police Dept,Wichita Falls,Texas,TX,10.0,17.0,13.0,15.0,15.0,11.0,17.0,11.0,9.0,8.0,8.0,9.0,1.0,6.0,3.0,5.0,4.0,11.0,8.0,9.0,6.0,9.0,4.0,4.0,11.0,7.0,1.0,5.0,7.0,2.0,,9.9,16.5,12.9,15.2,15.2,11.4,17.3,11.0,9.3,8.1,8.0,8.8,1.0,5.9,3.0,4.8,3.8,10.1,7.7,8.6,5.8,8.8,4.1,3.9,10.9,6.7,0.9,4.7,6.7,1.91,
264,Norwalk,Norwalk,California,CA,3.0,9.0,4.0,4.0,4.0,11.0,10.0,7.0,6.0,10.0,16.0,14.0,8.0,16.0,10.0,3.0,7.0,10.0,9.0,2.0,11.0,7.0,6.0,6.0,13.0,4.0,5.0,11.0,6.0,8.0,,3.2,9.8,4.3,4.3,4.3,11.7,10.4,7.2,6.1,10.1,15.8,13.7,7.7,15.7,10.1,2.9,6.7,9.3,8.4,1.8,10.2,6.6,5.7,5.8,12.6,3.8,4.7,10.3,5.63,7.49,
265,Green Bay Police Dept,Green Bay,Wisconsin,WI,1.0,4.0,3.0,2.0,2.0,3.0,2.0,1.0,2.0,4.0,4.0,3.0,6.0,3.0,6.0,1.0,3.0,1.0,3.0,6.0,5.0,2.0,2.0,2.0,1.0,2.0,2.0,1.0,2.0,3.0,,1.1,4.4,3.2,2.1,2.1,3.1,2.0,1.0,2.0,3.9,3.9,2.9,5.7,2.9,6.1,1.0,2.9,1.0,2.9,5.9,4.9,2.0,2.0,2.0,1.0,1.9,1.9,0.9,1.9,2.86,
266,Everett Police Dept,Everett,Washington,WA,2.0,3.0,1.0,2.0,8.0,5.0,2.0,1.0,4.0,7.0,,,3.0,3.0,5.0,4.0,5.0,3.0,2.0,3.0,3.0,3.0,7.0,1.0,2.0,5.0,5.0,1.0,1.0,2.0,,3.4,5.1,1.6,3.1,12.4,7.1,2.8,1.4,5.2,9.0,,,3.7,3.5,5.6,4.4,5.4,3.2,2.0,3.1,3.1,3.1,7.1,1.0,2.0,4.9,4.8,0.9,0.95,1.89,
267,Antioch Police Dept,Antioch,California,CA,5.0,4.0,2.0,3.0,5.0,6.0,6.0,2.0,7.0,8.0,2.0,7.0,3.0,6.0,3.0,3.0,8.0,1.0,6.0,6.0,10.0,10.0,10.0,8.0,5.0,13.0,5.0,10.0,12.0,9.0,,10.3,8.2,3.9,5.7,8.7,9.6,9.5,3.1,10.0,11.4,2.7,9.5,4.0,7.6,3.6,3.3,8.7,1.1,5.9,5.9,9.8,9.8,9.8,7.9,4.9,12.7,4.8,9.5,11.27,8.32,
268,Carslbad Police Dept,Carslbad,California,CA,2.0,0.0,4.0,3.0,4.0,4.0,6.0,2.0,5.0,3.0,3.0,3.0,2.0,2.0,0.0,1.0,2.0,1.0,4.0,2.0,2.0,1.0,2.0,2.0,5.0,0.0,4.0,2.0,,,,5.0,0.0,7.7,5.6,6.4,6.3,9.3,3.1,7.7,4.6,4.6,4.5,3.0,2.8,0.0,1.3,2.5,1.2,4.6,2.3,2.2,1.1,2.1,2.0,5.1,0.0,3.8,1.9,,,
269,West Jordan Police Dept,West Jordan,Utah,UT,0.0,0.0,0.0,0.0,0.0,0.0,6.0,0.0,1.0,2.0,2.0,0.0,0.0,1.0,1.0,0.0,1.0,1.0,0.0,1.0,2.0,1.0,1.0,0.0,4.0,1.0,0.0,2.0,,,,0.0,0.0,0.0,0.0,0.0,0.0,13.6,0.0,2.1,4.1,3.9,0.0,0.0,1.7,1.6,0.0,1.4,1.4,0.0,1.2,2.2,1.1,1.0,0.0,3.7,1.0,0.0,1.9,,,
270,Richardson Police Dept,Richardson,Texas,TX,3.0,1.0,3.0,4.0,2.0,2.0,4.0,4.0,4.0,4.0,1.0,4.0,0.0,2.0,6.0,1.0,2.0,0.0,1.0,2.0,2.0,3.0,2.0,4.0,0.0,0.0,0.0,2.0,2.0,1.0,,3.7,1.2,3.8,5.0,2.6,2.7,5.2,5.1,5.1,5.0,1.2,4.9,0.0,2.4,6.9,1.1,2.1,0.0,1.0,2.0,2.0,2.9,2.0,4.0,0.0,0.0,0.0,1.9,1.91,0.95,
271,Palm Bay Police Dept,Palm Bay,Florida,FL,,,,,,,,,,,,,2.0,3.0,1.0,0.0,4.0,2.0,8.0,0.0,2.0,1.0,5.0,4.0,5.0,4.0,2.0,3.0,3.0,4.0,,,,,,,,,,,,,,2.5,3.9,1.3,0.0,4.9,2.4,9.5,0.0,2.2,1.1,5.0,3.9,4.8,3.9,1.9,2.9,2.87,3.8,
272,Centennial,Centennial,Colorado,CO,,,,,,,,,,,,,,,,,,1.0,1.0,0.0,3.0,0.0,0.0,1.0,1.0,0.0,0.0,1.0,6.0,0.0,,,,,,,,,,,,,,,,,,,1.0,1.0,0.0,3.0,0.0,0.0,1.0,1.0,0.0,0.0,1.0,5.73,0.0,
273,Burbank Police Dept,Burbank,California,CA,2.0,4.0,6.0,9.0,2.0,2.0,6.0,7.0,5.0,5.0,6.0,4.0,0.0,4.0,2.0,1.0,3.0,1.0,3.0,4.0,3.0,1.0,3.0,2.0,1.0,0.0,1.0,2.0,0.0,1.0,,2.2,4.3,6.6,9.7,2.1,2.1,6.3,7.2,5.1,5.1,6.0,4.0,0.0,4.1,2.0,1.0,2.9,1.0,2.9,3.8,2.9,1.0,2.9,1.9,1.0,0.0,1.0,1.9,0.0,0.95,
274,Pompano Beach Police Dept,Pompano Beach,Florida,FL,,,,,,,,,,,,,4.0,9.0,4.0,5.0,1.0,5.0,3.0,9.0,5.0,10.0,10.0,9.0,8.0,7.0,5.0,5.0,7.0,6.0,,,,,,,,,,,,,,5.0,11.6,5.2,6.4,1.2,6.1,3.4,10.0,5.5,9.4,9.5,8.8,7.9,7.0,4.9,4.9,6.73,5.69,
275,Daly City Police Dept,Daly City,California,CA,2.0,4.0,6.0,0.0,3.0,5.0,4.0,2.0,7.0,1.0,3.0,0.0,4.0,6.0,7.0,1.0,5.0,2.0,0.0,3.0,2.0,3.0,0.0,1.0,1.0,2.0,1.0,0.0,0.0,2.0,,2.3,4.7,7.1,0.0,3.4,5.4,4.2,2.1,7.4,1.1,3.2,0.0,4.1,6.0,7.0,1.0,4.7,1.9,0.0,2.9,2.0,3.0,0.0,1.0,1.0,2.0,1.0,0.0,0.0,1.89,
276,Broken Arrow Police Dept,Broken Arrow,Oklahoma,OK,0.0,0.0,4.0,0.0,0.0,0.0,0.0,0.0,0.0,0.0,0.0,0.0,0.0,3.0,1.0,2.0,1.0,3.0,3.0,1.0,0.0,1.0,1.0,4.0,2.0,2.0,0.0,1.0,0.0,0.0,,0.0,0.0,8.1,0.0,0.0,0.0,0.0,0.0,0.0,0.0,0.0,0.0,0.0,4.2,1.4,2.7,1.3,4.0,3.6,1.2,0.0,1.1,1.1,4.3,2.1,2.0,0.0,1.0,0.0,0.0,
277,Boulder Police Dept,Boulder,Colorado,CO,2.0,0.0,1.0,1.0,0.0,1.0,1.0,0.0,1.0,6.0,3.0,1.0,2.0,1.0,0.0,0.0,0.0,5.0,0.0,0.0,0.0,1.0,1.0,1.0,5.0,4.0,2.0,0.0,0.0,1.0,,2.4,0.0,1.3,1.3,0.0,1.2,1.2,0.0,1.1,6.6,3.4,1.1,2.2,1.1,0.0,0.0,0.0,5.0,0.0,0.0,0.0,1.1,1.1,1.1,5.0,4.1,2.0,0.0,0.0,0.96,
278,West Palm Beach Police Dept,West Palm Beach,Florida,FL,,,,,,,,,,,,,30.0,20.0,13.0,23.0,18.0,7.0,14.0,18.0,22.0,17.0,12.0,18.0,19.0,19.0,14.0,17.0,15.0,15.0,,,,,,,,,,,,,,37.9,24.2,16.8,28.0,21.4,8.2,15.9,19.8,22.6,17.1,11.8,17.9,18.9,19.0,13.8,16.6,14.63,14.56,
279,Santa Maria Police Dept,Santa Maria,California,CA,1.0,4.0,1.0,6.0,0.0,2.0,3.0,5.0,1.0,2.0,5.0,4.0,2.0,3.0,1.0,3.0,4.0,,,3.0,3.0,2.0,3.0,9.0,5.0,3.0,7.0,0.0,3.0,3.0,,2.2,8.2,1.9,11.4,0.0,3.3,4.8,7.9,1.5,3.1,7.5,6.0,3.0,4.4,1.4,3.9,5.1,,,3.6,3.6,2.4,3.5,10.4,5.7,3.0,6.9,0.0,2.94,2.92,
280,Flint City Police Dept,Flint City,Michigan,MI,47.0,61.0,52.0,44.0,59.0,55.0,52.0,52.0,48.0,58.0,41.0,40.0,19.0,32.0,39.0,36.0,41.0,30.0,28.0,39.0,48.0,54.0,30.0,32.0,36.0,53.0,52.0,63.0,,,,31.5,40.6,35.5,29.9,41.5,39.1,36.7,36.4,34.3,41.4,29.5,28.7,13.4,23.6,29.5,28.8,32.6,23.7,22.9,32.3,40.1,45.7,25.9,28.2,32.2,51.7,50.8,62.0,,,
281,North Charleston Police Dept,North Charleston,South Carolina,SC,9.0,5.0,11.0,11.0,8.0,13.0,15.0,12.0,9.0,13.0,10.0,13.0,19.0,4.0,13.0,7.0,,17.0,10.0,6.0,11.0,28.0,26.0,14.0,10.0,12.0,5.0,13.0,13.0,23.0,,12.8,7.3,17.7,17.1,10.6,18.5,20.9,16.5,12.0,17.2,14.7,19.0,27.3,6.5,18.9,8.8,,20.9,12.3,7.3,12.9,31.9,29.4,15.1,10.4,12.3,5.1,12.9,12.58,21.78,
282,Rialto Police Dept,Rialto,California,CA,2.0,6.0,2.0,7.0,5.0,9.0,4.0,11.0,10.0,18.0,10.0,6.0,3.0,6.0,5.0,7.0,10.0,18.0,11.0,13.0,11.0,12.0,15.0,11.0,6.0,7.0,6.0,4.0,4.0,5.0,,4.5,12.8,3.6,12.1,7.8,12.4,5.4,14.7,12.2,21.9,11.9,7.1,3.5,7.1,5.9,7.6,10.7,18.9,11.3,13.1,11.0,12.0,14.9,11.1,6.0,7.1,6.0,3.9,3.9,4.88,
283,Erie Police Dept,Erie,Pennsylvania,PA,5.0,3.0,5.0,1.0,3.0,2.0,7.0,3.0,7.0,8.0,6.0,6.0,4.0,5.0,4.0,5.0,4.0,4.0,3.0,1.0,6.0,2.0,3.0,7.0,4.0,11.0,6.0,8.0,3.0,10.0,,4.3,2.6,4.3,0.9,2.7,1.8,6.4,2.7,6.4,7.3,5.5,5.5,3.7,4.8,3.9,4.8,3.9,3.8,2.9,1.0,5.8,1.9,2.9,6.7,3.9,10.8,5.9,7.8,2.98,9.96,
284,El Cajon Police Dept,El Cajon,California,CA,8.0,9.0,5.0,6.0,6.0,2.0,6.0,2.0,8.0,3.0,3.0,5.0,3.0,7.0,3.0,2.0,5.0,3.0,5.0,7.0,2.0,4.0,4.0,1.0,2.0,0.0,2.0,2.0,2.0,4.0,,9.6,10.5,5.8,6.7,6.6,2.3,6.6,2.2,8.6,3.2,3.2,5.3,3.2,7.4,3.1,2.1,5.2,3.1,5.2,7.3,2.1,4.3,4.4,1.1,2.2,0.0,2.0,2.0,1.96,3.89,
285,Davenport Police Dept,Davenport,Iowa,IA,6.0,0.0,4.0,2.0,3.0,5.0,,2.0,5.0,8.0,8.0,4.0,2.0,3.0,3.0,5.0,5.0,7.0,5.0,6.0,7.0,4.0,2.0,6.0,2.0,2.0,5.0,4.0,2.0,2.0,,5.9,0.0,4.1,2.0,3.1,5.2,,2.1,5.1,8.1,8.2,4.1,2.0,3.1,3.1,5.1,5.1,7.1,5.1,6.1,7.1,4.0,2.0,6.1,2.0,2.0,5.0,4.0,1.96,1.95,
286,South Bend Police Dept,South Bend,Indiana,IN,9.0,17.0,11.0,15.0,,,,18.0,19.0,19.0,26.0,22.0,17.0,14.0,17.0,12.0,21.0,20.0,16.0,10.0,12.0,14.0,7.0,15.0,14.0,6.0,9.0,18.0,9.0,17.0,,8.4,15.9,10.2,13.8,,,,16.7,17.8,17.6,24.5,20.6,15.9,13.6,17.0,11.1,19.4,18.3,14.9,9.4,11.3,13.2,6.7,14.5,13.5,5.9,8.9,17.8,8.94,16.86,
287,Tyler Police Dept,Tyler,Texas,TX,11.0,13.0,9.0,14.0,10.0,12.0,12.0,5.0,9.0,18.0,7.0,9.0,9.0,12.0,,3.0,,4.0,8.0,6.0,6.0,5.0,2.0,3.0,3.0,6.0,3.0,4.0,5.0,,,14.0,17.1,11.9,18.5,13.3,15.9,15.6,6.4,11.5,22.5,8.6,10.8,10.6,14.2,,3.6,,4.6,9.1,6.7,6.6,5.3,2.1,3.1,3.0,6.2,3.0,4.0,,,
288,Woodbridge Police Dept,Woodbridge,New Jersey,NJ,1.0,2.0,1.0,2.0,1.0,3.0,0.0,0.0,3.0,2.0,2.0,1.0,0.0,3.0,1.0,1.0,0.0,3.0,4.0,4.0,2.0,0.0,1.0,1.0,1.0,1.0,1.0,0.0,,,,1.1,2.1,1.1,2.1,1.1,3.2,0.0,0.0,3.1,2.1,2.1,1.0,0.0,3.1,1.0,1.0,0.0,3.0,4.0,3.9,2.0,0.0,1.0,1.0,1.0,1.0,1.0,0.0,,,
289,Edison Twp Police Dept,Edison Twp,New Jersey,NJ,0.0,1.0,2.0,1.0,0.0,2.0,2.0,1.0,2.0,1.0,1.0,1.0,1.0,0.0,0.0,2.0,0.0,0.0,1.0,2.0,0.0,1.0,0.0,1.0,1.0,2.0,2.0,0.0,,,,0.0,1.3,2.4,1.2,0.0,2.3,2.2,1.1,2.2,1.1,1.1,1.1,1.1,0.0,0.0,2.0,0.0,0.0,1.0,2.0,0.0,1.0,0.0,1.0,1.0,2.0,2.0,0.0,,,
290,Lewisville Police Dept,Lewisville,Texas,TX,2.0,0.0,2.0,0.0,5.0,4.0,4.0,1.0,1.0,1.0,5.0,0.0,1.0,2.0,,1.0,0.0,4.0,3.0,4.0,2.0,2.0,1.0,1.0,3.0,3.0,3.0,2.0,1.0,1.0,,7.4,0.0,7.2,0.0,15.6,8.6,8.4,2.1,2.0,1.9,9.6,0.0,1.8,3.1,,1.3,0.0,4.9,3.5,4.5,2.2,2.2,1.0,1.0,2.9,3.1,3.1,2.0,0.99,0.98,
